directory,path,filename,size_bytes,size_mb,opened,fps,frame_count,duration_s,width,height,resolution,aspect,codec,label,label_token,player,fps_unusual,short_lt_0p7s,long_gt_60s,zero_frames,dup_group,session_cluster,nearest_other_video,nearest_score,phash8
assets/videos,c:\Users\karim\Desktop\Swichy\assets\videos\salah_video.mp4,salah_video.mp4,25459057,25.459,True,29.99,1682,56.077,1280,720,1280x720,1.778,h264,None,,Salah,False,False,False,False,D3_salah,S5,Salahairballtest.mp4,0.9804,00500cc815903d205021280470a850d991ab6764dae495d975780a011c00|08500b480d903d20a820980430a950d991ab27649ae495d97f7c3a114408|00d005c816905d28d021280470a950d991ab2764dae49dd9777c0a011e20|085007480c903920a824980538a850d991ab2764dae495d97f7c12015420|10d005c816905d2850215804b8a850d9912b6764dae495d977782a111c20|08d003c816905d2050215804b8aa50d991ab6764dae495d975f80a111c20|04b823480d903d20b020980470a850d991ab67649ae495d97f7c12015420|08d80bc80d903d204820a80530aa50d5912b67649ae49559777c0a015d28
assets/videos,c:\Users\karim\Desktop\Swichy\assets\videos\video8.mov,video8.mov,21386675,21.387,True,30.0,859,28.633,1280,720,1280x720,1.778,h264,None,,video8,False,False,False,False,D1_video8_session_cuts,S1,video8_shot05_set.mp4,0.9796,3153a5ed68a35b81a6120994c426e81bd1e903f307c603c90bac3b5124a0|3153a5ed68a35a81a6120994c426681a91a903f707cc03d10bac3b5124a0|3153a5ed68a35a81a61209948426681e91fb03f707cc03910bac3b5124a0|3153a5ed68a35a81a61209948426e80c91b503ef07d803910bac3b5124a0|3153a5ed68a35a81a61209948426e80c91a503eb07d403b10b6c3b5125a0|3152a5ed68a35a81a61209948426e81891b103d307b403410aac395125a0|3152a5ed68a35a81a61609948424e81891f103d307b403410aac395125a0|3152a5ed68a35a81a61609968426e83491990733065401c109ac335125a0
assets/videos,c:\Users\karim\Desktop\Swichy\assets\videos\video9.mov,video9.mov,5972236,5.972,True,30.0,401,13.367,1280,720,1280x720,1.778,h264,None,,video9,False,False,False,False,D2_video9_session_cuts,S_video9,video9_shot01_jump.mp4,0.9929,0e001c003c007000d801a003c006800f001b0036006c00d801f003c007c0|0e001c0038007000d801a0034006800d001e0034007c00d801b003c007c0|0e001c0038007000d801a0036006c00d801b0036006c00d801f003a00740|0e001c0038007000d801a0034006800d001a0034007800d801b003c007c0|0e001c0038007000d801a0034006800f001e0034007c00f801b003c007c0|0e001c0038007000d801a0034006800f001b0034007c00d801b003c007c0|0e001c0038007000d801b003c006c00f801b0036006c00d801b003a00740|0e001c0038007000d801a0034006c00f801b0036006c00d801b003a00740
assets/videos,c:\Users\karim\Desktop\Swichy\assets\videos\video_01_free_throw.mp4,video_01_free_throw.mp4,4948416,4.948,True,24.0,324,13.5,1280,720,1280x720,1.778,h264,set_shot,free_throw(body),video_0x,False,False,False,False,,,Couch2rightwing3ptshooting1_jump.mp4,0.0949,98c515472c8ed0aca45ce09149298d719155286a52442ce016509840ee40|98c515472c8ec8aca45cf09189298d719153286a524c2ce0165a9840fe40|98c515472c8ed0aca45ce09149298d719155286a524c2de0164a9840fe40|98c51547288ed0aca45cc091c9298d719155286a524c2ce0164a9840fc40|9cc515472c8ed0aca45ce09149298d719155286a52542de0160a9840ee40|98c515472c8ed0aca45ce091c9298d719155286a52442de0160a9840ec40|9ac51547288ed0aca45ca09149288d749155286a52542ce0164a9840ec40|98c51547288ed0aca85ca091492989729155286a52542de0165a9840ec40
assets/videos,c:\Users\karim\Desktop\Swichy\assets\videos\video_07_side_jump_shot.mp4,video_07_side_jump_shot.mp4,2162615,2.163,True,29.99,1351,45.045,480,360,480x360,1.333,h264,jump_shot,jump,video_0x,False,False,False,False,,,Couchshooting1.mp4,0.0862,d8c9b1936336ce4fb11e643cc079a0fb8097836e061a285e10baa8737262|d8c9b1936726ce4eb51e683ed06da0eb80d683ce871d8a5c193f2a3b6c72|d8c9b1936736ce6f9c1f283e407da0f980928347059c8adc15baad3c6872|d8c9b1936326ce4f9c9e303e7078c0f901248b45058e0a5e14ddcb1f6e3e|d8c9b1936726ce4f9c9d363f707ec0f980a943a3878f1b4e161ead1b706a|d8c9b19363364e4f599eb23d787ec0f980c3a397058e4a4e101bb08d682e|d8c9b1936336ce4e9c9eb23e607e40f88052c387870e0e4e141fb85e68ac|d8c9b1936326c64e8d1f183e307e40f48153c397078f0b4e060da85868b2
assets/videos/single_shot,c:\Users\karim\Desktop\Swichy\assets\videos\single_shot\video8_shot01_set.mp4,video8_shot01_set.mp4,1345078,1.345,True,30.0,70,2.333,1280,720,1280x720,1.778,FMP4,set_shot,set,video8,False,False,False,False,D1_video8_session_cuts,S1,video8.mov,0.6705,3153a5ed68a35b81a6120994c426e81ad1fb03f707ce03d10bac3b5124a0|3153a5ed68a35b81a6120994c426e81ad1e903f707ce02d90bac3b5124a0|3153a5ed68a35b81a6120994c426e81ad1ed03f307ce02c90bac3b5124a0|3153a5ed68a35b81a61209948426e81ad1e903f707ce03c90bac3b5124a0|3153a5ed68a35b81a61209948426e81ad1e903f707ce03d90bac3b5124a0|3153a5ed68a35a81a6120994c426e81ad1e903f307c603c90bac3b5124a0|3153a5ed68a35b81a6120994c426e81b51e903f307c603c90b8c3b5124a0|3153a5ed68a35b81a6120994c426e81951e903fb07d603c10b843b5124a0
assets/videos/single_shot,c:\Users\karim\Desktop\Swichy\assets\videos\single_shot\video8_shot02_set.mp4,video8_shot02_set.mp4,1352211,1.352,True,30.0,67,2.233,1280,720,1280x720,1.778,FMP4,set_shot,set,video8,False,False,False,False,D1_video8_session_cuts,S1,video8.mov,0.8484,3153a5ed68a35a81a6120994c426e81ad1e903f707ce03d90bac3b5124a0|3153a5ed68a35a81a6120994c426e81ad1ed03f707ce03c90bac3b5124a0|3153a5ed68a35a81a6120994c426681ad1e903f307ce03c90bac3b5124a0|3153a5ed68a35a81a61209948426e81ad1e903f707ce03d90bac3b5124a0|3153a5ed68a35a81a61209948426e81ad1e903f707ce03d90bac3b5124b0|3153a5ed68a35a81a6120994c426e81ad1e903f707ce03d90bac3b5124a0|3153a5ed68a35b81a6120994c426e81ad1e903f707ce03c90bac3b5124a0|3153a5ed68a35a81a6120994c426e81b51ed03f307c603c90b8c3b5124a0
assets/videos/single_shot,c:\Users\karim\Desktop\Swichy\assets\videos\single_shot\video8_shot03_set.mp4,video8_shot03_set.mp4,1652060,1.652,True,30.0,81,2.7,1280,720,1280x720,1.778,FMP4,set_shot,set,video8,False,False,False,False,D1_video8_session_cuts,S1,video8.mov,0.8042,3153a5ed68a35a81a6120994c426e81951e903f307c603c90b8c3b5124a0|3153a5ed68a35a81a61209948426e81911e903fb07d603c10bac3b5124a0|3153a5ed68a35a81a6120994c426681a91a903f707cc03d10bac3b5124a0|3153a5ed68a35a81a61209944426681a91ab03f707cc03910bac3b5124a0|3153a5ed68a35a81a61209948426681a91ab03f707cc03910bac3b5124a0|3153a5ed68a35a81a6120994c426681a91ab03f707cc03910bac3b5124a0|3153a5ed68a35b81a6120994c426681a91ab03f707cc03910bac3b5124a0|3153a5ed68a35a81a61209948026681a91ab03f707c403d10bac3b5124a0
assets/videos/single_shot,c:\Users\karim\Desktop\Swichy\assets\videos\single_shot\video8_shot04_set.mp4,video8_shot04_set.mp4,1816461,1.816,True,30.0,85,2.833,1280,720,1280x720,1.778,FMP4,set_shot,set,video8,False,False,False,False,D1_video8_session_cuts,S1,video8.mov,0.6419,3153a5ed68a35a81a61209948426e81b11a903f307c603c90b8c3b5124a0|3153a5ed68a35a81a61609948426681e91ab03e707cc03910bac3b5124a0|3153a5ed68a35a81a61209948426681e91bb03f707cc03910bac3b5124a0|3153a5ed68a35a81a61209944426681a91bb03f707cc03910bac3b5124a0|3153a5ed68a35a81a61209948426681e91bb03e707cc03910bac3b5124a0|3153a5ed68a35a81a61209948426681e91bb03e707cc03910bac3b5124a0|3153a5ed68a35a81a61209948426681e91bb03f707cc03910bac3b5124a0|3153a5ed68a35281a61209948026681a91bb03f707cc03d10bac3b5124a0
assets/videos/single_shot,c:\Users\karim\Desktop\Swichy\assets\videos\single_shot\video8_shot05_set.mp4,video8_shot05_set.mp4,1330535,1.331,True,30.0,71,2.367,1280,720,1280x720,1.778,FMP4,set_shot,set,video8,False,False,False,False,D1_video8_session_cuts,S1,video8.mov,0.9796,3153a5ed68a35a81a61209948426e81c91b503eb07dc03b10b6c3b5124a0|3153a5ed68a35a81a61209948426e81c91b503eb07dc03b10b6c3b5125a0|3153a5ed68a35a81a61209948426e81c91b503eb07dc03b10b6c3b5124a0|3153a5ed68a35a81a6120994c426e81491b503eb07dc03910b2c3b5124a0|3153a5ed68a35281a61209948426e80c91b503eb07d403b10b2c3b5125a0|3153a5ed68a35a81a61209948426e80c91b503eb07dc03b10b6c3b5124a0|3153a5ed68a35a81a61209948426e80c91b503eb07dc03910b2c3b5124a0|3153a5ed68a35a81a61209948426e80c91b503eb07d803910bac3b5124a0
assets/videos/single_shot,c:\Users\karim\Desktop\Swichy\assets\videos\single_shot\video8_shot06_set.mp4,video8_shot06_set.mp4,1882094,1.882,True,30.0,87,2.9,1280,720,1280x720,1.778,FMP4,set_shot,set,video8,False,False,False,False,D1_video8_session_cuts,S1,video8.mov,0.4742,3153a5ed68a35a81a61209948426e80c81f703ef07dc03910bac3b5124a0|3153a5ed68a35a81a61209948426e81491b503eb07d403b10b6c3b5125a0|3153a5ed68a35a81a61209948426e81491b503eb07d402b10b6c3b5125a0|3153a5ed68a35a81861209948426e81491b503eb07d402b10b6c3b5125a0|3153a5ed68a35a81a61209948426e81491b503eb07d402b10b6c3b5125a0|3153a5ed68a35a81a61209948426e81491f503eb07d403b10b6c3b5125a0|3153a5ed68a35a81a61209948426e81491f503ef07dc03910b2c3b5125a0|3153a5ed68a35a81a61209948426680c91e703ef07dc02910bac3b5124a0
assets/videos/single_shot,c:\Users\karim\Desktop\Swichy\assets\videos\single_shot\video8_shot07_set.mp4,video8_shot07_set.mp4,1736949,1.737,True,30.0,87,2.9,1280,720,1280x720,1.778,FMP4,set_shot,set,video8,False,False,False,False,D1_video8_session_cuts,S1,video8.mov,0.8383,3153a5ed68a35a81a61209948426e80c91a503eb07d403b10b6c3b5125a0|3153a5ed68a35a81a61209948426e80c91b503eb07d403b10b6c3b5125a0|3153a5ed68a35a81a61209948426e80c91a503eb07d403b10b6c3b5125a0|3153a5ed68a35a81961209948424e80c91e503eb07d402b10b6c3a5125a0|3153a5ed68a35a81a61209948426e80c91a503eb07d403b10b6c3a5125a0|3153a5ed68a35a81a61209948426e80c91b503eb07d403b10b6c3b5125a0|3153a5ed68a35a81a61209948426e80c91b503eb07dc03b10b6c3b5125a0|3153a5ed68a35a81a61209948426e80c91b503ef07dc03910bac2b5124a0
assets/videos/single_shot,c:\Users\karim\Desktop\Swichy\assets\videos\single_shot\video8_shot08_set.mp4,video8_shot08_set.mp4,1878069,1.878,True,30.0,87,2.9,1280,720,1280x720,1.778,FMP4,set_shot,set,video8,False,False,False,False,D1_video8_session_cuts,S1,video8.mov,0.5287,3153a5ed68a35a81a61209948424e81891a903d307b403410aac3b5125a0|3152a5ed68a35a81a61209948426e81891b103d307b403410aac3b5125a0|3152a5ed68a35a81a61209948426e80891a903d307b403410aac395125a0|3152a5ed68a35a81a61209948426e80891e903d3073403410aac3b5125a0|3152a4ed68a34281a61209948424e80891e903d3073403410aac3b5125a0|3152a5ed68a35a81a61209948424e81891a90393073402410aac3b5125a0|3152a5ed68a35a81a61209948426e81891c90393077402410aac3b5125a0|3152a5ed68a35a81a61209948424e81891e90393077402410aac3b5125a0
assets/videos/single_shot,c:\Users\karim\Desktop\Swichy\assets\videos\single_shot\video8_shot09_set.mp4,video8_shot09_set.mp4,1825518,1.826,True,30.0,88,2.933,1280,720,1280x720,1.778,FMP4,set_shot,set,video8,False,False,False,False,D1_video8_session_cuts,S1,video8.mov,0.7166,3152a5ed68a35a81a61609948424e81891e903d307b403410aac395125a0|3152a5ed68a35a81a61209948426e81891f103d307b403410aac3b5125a0|3152a5ed68a35a81a61209948426e81891e903d307b403410aac3b5125a0|3152a5ed68a35a81a61209948422e81891e903d3073403410aac3b5125a0|3152a5ed68a35a81a616099c8424e81891e903d3073403410aac3b5125a0|3152a5ed68a35a81a612099c8426e81891e90393073402410bac3b5125a0|3152a5ed68a35a81a616099c842ee81091d903b3077402c109ac3b5125a0|3152a5ed68a35a81a6120994842ee81091d903b3075402c109ac3b5125a0
assets/videos/single_shot,c:\Users\karim\Desktop\Swichy\assets\videos\single_shot\video8_shot10_jump.mp4,video8_shot10_jump.mp4,1621359,1.621,True,30.0,83,2.767,1280,720,1280x720,1.778,FMP4,jump_shot,jump,video8,False,False,False,False,D1_video8_session_cuts,S1,video8.mov,0.7079,3152a5ed68a35a81a616099c8426e84c91e906fb05d403c10bac0b511da0|3152a5ed68a35a81a616099c8426e82c91c9077306d401c10bac335125a0|3152a5ed68a35a81a616099c842ee82491f90733065400c109ac135125a0|3152a5ed68a35a81a61609928426e834919907b3075402c109ac135125a0|3152a5ed68a35a81a616099c8426e87491d907b3075402c109ac135125a0|3152a5ed68a35a81a616099c8426e82491b90773065401c10bac135125a0|3152a5ed68a35a81a616099c8426e82c91a9077306d401c10bac175125a0|3152a5ed68a35a81a616099c842ee86c91a9067304d403c10bac27512da0
assets/videos/single_shot,c:\Users\karim\Desktop\Swichy\assets\videos\single_shot\video9_shot01_jump.mp4,video9_shot01_jump.mp4,706898,0.707,True,30.0,73,2.433,1280,720,1280x720,1.778,FMP4,jump_shot,jump,video9,False,False,False,False,D2_video9_session_cuts,S_video9,video9.mov,0.9929,0e001c0038007000d801a0034007800f801b0036006c00d801b003a007c0|0e001c0038007000d801a0034006c00d801b0036006c00d801f003a007c0|0e001c003c007000d801a0034006800d801b0036006c00d801f003c007c0|0e001c003c007000d801a0034006800f001a0034006c00f801b0034007c0|0e001c0038007000d801a0034007c00f801a0034006c00f801b0034006c0|0e001c0038007000d801a0034007c00f801a0034006c00d801b003c007c0|0e001c0038007000d801a0034007800f001a0034007c00d801b003c007c0|0e001c0038007000d801a0034006800d001e0034007800d801b003c007c0
assets/videos/single_shot,c:\Users\karim\Desktop\Swichy\assets\videos\single_shot\video9_shot02_jump.mp4,video9_shot02_jump.mp4,930931,0.931,True,30.0,102,3.4,1280,720,1280x720,1.778,FMP4,jump_shot,jump,video9,False,False,False,False,D2_video9_session_cuts,S_video9,video9_shot01_jump.mp4,0.5983,0e001c0038007000d801a0034006800f001e003c007c00d801b003c007c0|0e001c0038007000d801a0034007800f80190036006c00d801b003a00740|0e001c0038007000d801a003c006c00f801b0036006c00d801b003a00740|0e001c0034007000d801a0034006c00d801b0036006c00d801f003a00740|0e001c003c007000d801a0034006c00f801b0036006c00d801f0032006c0|0e001c0038007000d801a0034006800f801b0036006c00f801b003c007c0|0e001c0038007000d801a0034006800f801a0034007800f801b003c007c0|0e001c0038007000d801a0034006800f001e0034007800d801b003c007c0
assets/videos/single_shot,c:\Users\karim\Desktop\Swichy\assets\videos\single_shot\video9_shot03_jump.mp4,video9_shot03_jump.mp4,925957,0.926,True,30.0,107,3.567,1280,720,1280x720,1.778,FMP4,jump_shot,jump,video9,False,False,False,False,D2_video9_session_cuts,S_video9,video9.mov,0.9771,0e001c0038007000d801a0034006c00f801b0036006c00d801b003e00740|0e001c0038007000d801a0034006c00f801b0036006c00d801b003a00740|0e001c0038007000d801b0034006c00f801b0036006c00d801b003a00740|0e001c0038007000d801a0034006c00f801b0036006c00d801b003e00740|0e001c003c007000d801a0034006c00f801b0036006c00d801b003a00740|0e001c0038007000d801a0034006c00f801b0036006c00d801b003a007c0|0e001c0038007000d801a0034006c00f801b0036006c00d801b003a007c0|0e001c0038007000d801a0034006c00f801b0036006c00d801b003a00740
assets/videos/ShootingVideosDataset,c:\Users\karim\Desktop\Swichy\assets\videos\ShootingVideosDataset\Bookerfreethrowshooting1_set.mp4,Bookerfreethrowshooting1_set.mp4,603855,0.604,True,30.0,75,2.5,1280,720,1280x720,1.778,h264,set_shot,set,Booker,False,False,False,False,,,Screen Recording 2026-08-14 011022.mp4,0.0907,4989a34a5618a65325395ea3196116472ca8ab18262020c01a4037006e00|4989a34a5618a65325395ea3196116672ca8ab18262020c01a4034006e00|4989a34a5618a65725395ea3196016652caaab14262028401b401e006e00|4989a34a5618a45725395ea5196016552c8aab94262020401b403b006e00|4989a34a5618a45725395ea5196116562ca88b10262020601a403b006e00|4989a34a5618a45725385ea5196116562ca88b10262020601e401b006e00|4989a34a5618a45725395ea3196916562ca9ab18262060601a4015006a00|4989a34a5618a45625395e27196116462ca9ab10262020441a4015006a00
assets/videos/ShootingVideosDataset,c:\Users\karim\Desktop\Swichy\assets\videos\ShootingVideosDataset\Bookerrightcornershooting1_jumpshoot.mp4,Bookerrightcornershooting1_jumpshoot.mp4,759315,0.759,True,30.0,75,2.5,1280,720,1280x720,1.778,h264,jump_shot,jumpshoot,Booker,False,False,False,False,,,Stephcurryleftcourner3ptshooting1.mp4,0.0769,8c49da4cb0bd36453a4ca89cc020b0446801800103092e30d42068427484|8c49d84cb1b536456d4caa9ac120b044e001810103084e30d420ea403482|8c49d84cb19136c57d4ca89cc520aa42d003818103084e70d4206a423482|8c49da2cb1b134457d4ca89cc120b240e403918123084e3094206a403482|8c59da4cb1b136657d4ca89cc120b244cc05918923188e3094206a823584|8c49da4cb1b136457d4caa9ec120a248c425810943188e3096226a823584|8c49da48b1b136457c4ca89cc820b04ce005818923184e3096206a84350a|8c49d84cb099b6657e4c281cc020b04ce805818913192e7056606a823588
assets/videos/ShootingVideosDataset,c:\Users\karim\Desktop\Swichy\assets\videos\ShootingVideosDataset\Bookerrightwingshooting2miss_jumpshoot.mp4,Bookerrightwingshooting2miss_jumpshoot.mp4,653955,0.654,True,30.0,75,2.5,1280,720,1280x720,1.778,h264,jump_shot,jumpshoot,Booker,False,False,False,False,,,video8_shot09_set.mp4,0.1943,a892e1062a17d0465500c30b84c6032ceed011801b3012c00d000b802900|a892f1062a14d0424500c32a84e4038cee501080193012c00d000f803900|a892e106aa15d0495500ca2a84e4832cee501080193006e00d001f803900|a892e1062a15d0425500ca2a84f4032cef5012c81db011c007000f802b00|a892e1063a1790465544ca2b8ce4032ca65010c0193012e007000f802b00|a892e1063a1790465508ca1b8ce4032c86d01080193014e00d001b802b00|a892e1063a1390465540ca138cc403aca6d011801a3014e00d001b802b00|a892a1063a93904a4548ca138ce413acafd013801e301ce019003b802b00
assets/videos/ShootingVideosDataset,c:\Users\karim\Desktop\Swichy\assets\videos\ShootingVideosDataset\Couch2rightcourner3ptshooting1_jumpshoot.mp4,Couch2rightcourner3ptshooting1_jumpshoot.mp4,164527,0.165,True,30.0,60,2.0,1280,720,1280x720,1.778,h264,jump_shot,jumpshoot,Couch2,False,False,False,False,,,video8_shot02_set.mp4,0.1455,0f001e003c007800f001e0036006c00d801b0036006c00c801f003800600|0f001e003c007800f001e0036006c00d801b0036006c00c801b003800600|0f001e003c007800f001b0036006c00d801b0034006c00c801f003800600|0f001e003c007800f001b0036006c00d801b0034006400d801e003800600|0f001e003c007800f001b0036006c00d801b0034006c00d801e003800600|0f001e003c007800f001a0034006c00d801b0034006c00d801e003800600|0f001e003c007800f001a0034006c00d801b0036006c00d801e003800600|0f001e003c007800f001a0036006c00d801b0036007000e801e003800600
assets/videos/ShootingVideosDataset,c:\Users\karim\Desktop\Swichy\assets\videos\ShootingVideosDataset\Couch2rightcourner3ptshooting2_jumpshoot.mp4,Couch2rightcourner3ptshooting2_jumpshoot.mp4,227196,0.227,True,30.0,77,2.567,1280,720,1280x720,1.778,h264,jump_shot,jumpshoot,Couch2,False,False,False,False,,,video9.mov,0.0637,0c801b003e006c00d801b0032006200d40188030006c00d0018003c00600|0c801b003e006c00d801b0032006200c40180032006400c8018003c00600|0c801b003e006c00d801b0032006400c80190032006c00d0018003e00600|0c801b003e006c00d801b0032006400c80190032006c00c8018003e00600|0c801b003e006c00d80190032006400c80190036006400d8019003e00600|0d801b003e006c00d80190032006400c80190032006c00c8019003e00600|0c801b003e006c00d801b0032006400c80190032006800e8019003e00600|0c801b003e006c00d801b0032006400c80190032006800e0019003e00600
assets/videos/ShootingVideosDataset,c:\Users\karim\Desktop\Swichy\assets\videos\ShootingVideosDataset\Couch2rightcournershooting1_set.mp4,Couch2rightcournershooting1_set.mp4,205240,0.205,True,30.0,61,2.033,1280,720,1280x720,1.778,h264,set_shot,set,Couch2,False,False,False,False,,,Screen Recording 2026-08-14 005322.mp4,0.0753,0d001e003a007400d801b0032007000e401c8038006800d001e003a00740|0d001e003a007400d801b0032007000e401c8038006c00d001e003a00740|0d001e003a007400d801b0032007000e401c8038006c00d001f003a00740|0d001e003a007400d801b0032007200e401c8038006800d001f003a00740|0d001e003a007400d801b0032007200e401c8038006800d001f003a00740|0d001e003a007400d801b0032007000e401c8038006c00d001f003a00740|0d001e003a007400d801b0032007000e401c8038006c00d001f003a00740|0d001e003a007400d801b0032007000e401c8038006c00d001f003a00740
assets/videos/ShootingVideosDataset,c:\Users\karim\Desktop\Swichy\assets\videos\ShootingVideosDataset\Couch2rightwing3ptshooting1_jump.mp4,Couch2rightwing3ptshooting1_jump.mp4,277778,0.278,True,30.0,77,2.567,1280,720,1280x720,1.778,h264,jump_shot,jump,Couch2,False,False,False,False,,,Couch2rightcourner3ptshooting1_jumpshoot.mp4,0.0961,0d001a0036006400e8019003c006800d001a0034006c00e801e003c00780|0d001a0036006400e80180024006800d001e003c006c00f801e003c007c0|0d001a0036006400e801a003c006800d001a003c006c00d801a003c007c0|0d801a0036006400d801a0034006800d001e003c006c00d801a003c00780|0d001a0036006400e801a0024006800d001a0034006c00d801a003c00780|0d001a0036006400e801a002c006800d001a003c006c00d801a003c00780|0d001a0036006400e801c002c007800d001e003c006c00d801a003c007c0|0d001a0036006400e801c003c007800d001e003c006c00d801a003c007c0
assets/videos/ShootingVideosDataset,c:\Users\karim\Desktop\Swichy\assets\videos\ShootingVideosDataset\Couchleftwing3ptshooting1_jumpshot.mp4,Couchleftwing3ptshooting1_jumpshot.mp4,217830,0.218,True,30.0,61,2.033,1280,720,1280x720,1.778,h264,jump_shot,jumpshot,Couch,False,False,False,False,,,video9.mov,0.1537,0f801d0038006400e801c0034007400e001f0036006c00c801c803900700|0f801d0038006400e801c0030007000e00190036006c00d801c803900740|0f801d0038006000e801c0038007800e801d0036006c00e801e803900740|0f801d0038006400e801c0034007000e001f0036006c00e801e803900740|0f801d0038006400e801c0034007000e00190036006c00e801c803900740|0f801d0038006400e801c0034007000e00190036006c00e801c803900740|0f801d0038006400e801c0034007400e001b0036006c00e801c803900740|0f801d0038006400e801c0036007400e001f0036006c00d801c803900740
assets/videos/ShootingVideosDataset,c:\Users\karim\Desktop\Swichy\assets\videos\ShootingVideosDataset\Couchrightcornershooting1.mp4,Couchrightcornershooting1.mp4,364253,0.364,True,30.0,69,2.3,1280,720,1280x720,1.778,h264,None,,Couch,False,False,False,False,D6_couch_corner,S2,Screen Recording 2026-08-14 024248.mp4,0.6504,0d801a0030006000d001c0038007400e001c003c006400d801b003200640|0d801a0030006000d001c0038007400c001c003c006400d80190036006c0|0d801a0030006000d001c0038007000e001a0030006400c80190036006c0|0d801a0030006000e001c0038007000e00190034006800c80190036007c0|0d80180030006000d001c0038007000e00180036006c00c801b0036006c0|0d80180030006000d001c0038007000e00180032006c00d80190036006c0|0d801a0030006000d001c0038007800f001a0032006400c80190032006c0|0d801a0030006000d001c0030006800d001a0030006400c80190030006c0
assets/videos/ShootingVideosDataset,c:\Users\karim\Desktop\Swichy\assets\videos\ShootingVideosDataset\Couchshooting1.mp4,Couchshooting1.mp4,178001,0.178,True,30.0,52,1.733,1280,720,1280x720,1.778,h264,None,,Couch,False,False,False,False,D8_couchshooting1,,Screen Recording 2026-08-14 024248.mp4,0.1906,0e001a0034006800d001e003c007000e001c0036006c00d801f003000700|0e001a0034006800d001e003c007000e001c0036006c00d801f003000700|0e001a0034006800d001e0038007000e001a0032006c00d801f003000700|0e001a0034006800d001e0038007000e001c0036006800d801f003000700|0e001a0034006800d001e0038007000e00180036006800d801f003000700|0e001a0034006800d001e0038007000e00180036006800d801f003000700|0e001a0034006800d001e0038007000e00180036006800d801f003000700|0e001a0034006800d001f0038007000e00180036006800d801f003000700
assets/videos/ShootingVideosDataset,c:\Users\karim\Desktop\Swichy\assets\videos\ShootingVideosDataset\Kevindurantrightcournor3ptshooting1.mp4,Kevindurantrightcournor3ptshooting1.mp4,923920,0.924,True,30.0,77,2.567,1280,720,1280x720,1.778,h264,None,,Kevindurant,False,False,False,False,D4_kd_corner1,S3,Screen Recording 2026-08-14 014036.mp4,0.7343,ee7dd1e3a81fb23d15fd319a63e25b2443ce978cad1ad8691807303160b4|ce7993f32a1f722e194ab596e3e63a45478cbf1912197842100b20225408|dc7db3e3721f646a29da6134c7c5b688c71d2a197432a8d6113720204120|9cf92362581e642a299c692cc7c4b6898d193a1a7432a894107420444129|9cf923e2501e646c299c6d2cc7c4f6898d193a1c7436e884107620444009|acf942e2501e646c299c6d2cc7c4b6890d1a3a1d7434e884113420444029|9cf923e2541e646c2b9c6d2cc7c4b68acd19ba1b7424e88c014420444029|9cf923e2501e646c2b9c692cc7c4b68dcd19ba1b7428e85c015420444029
assets/videos/ShootingVideosDataset,c:\Users\karim\Desktop\Swichy\assets\videos\ShootingVideosDataset\Kevindurantrightcournor3ptshooting2.mp4,Kevindurantrightcournor3ptshooting2.mp4,963452,0.963,True,30.0,77,2.567,1280,720,1280x720,1.778,h264,None,,Kevindurant,False,False,False,False,,S3,Bookerrightcornershooting1_jumpshoot.mp4,0.0616,fee6fd1afa887b52f5dde322a6472f96489cd4d0cb212e845fc0ff05de0a|fdcdfa30f520f664ea9f86454c0e4f2c9439ebe196c24d8d9d813e037410|e9cff673ed01ee49c51bca8adc5cfe48a971d3e337834b099f02bc066c22|fb9db463ea41ec81d57f0c0a981c9e593973d3c32384871b1e0334056822|db9db663ea41ec83c5778d16981c9691396355c26f848e111a0334056826|d39ff4e3ca01cc838677ad15b0b99691196347c76b040e119a0b34056832|d39f6ce3cc03d88382578d95b0b97e91316327862304461098092c077410|f71f68e3d483d98382de9995b2b97a9368e32d86630486129809a8087404
assets/videos/ShootingVideosDataset,c:\Users\karim\Desktop\Swichy\assets\videos\ShootingVideosDataset\Kevindurantrightwing3ptshooting2miss.mp4,Kevindurantrightwing3ptshooting2miss.mp4,848032,0.848,True,30.0,77,2.567,1280,720,1280x720,1.778,h264,None,,Kevindurant,False,False,False,False,D5_kd_wing_miss,S3,Screen Recording 2026-08-14 023859.mp4,0.6636,bf723ee07d403de9387a69f15bf39588331432d865b04a6114e179c17380|bf727ea02d405de9387a69f65bf59588b394329865304b613ce17bc16700|bf733ea03dc03de9387ae9f55bfd9588b394329865304a613fe179c16b00|ff737ee07d403de93a7b69f55bf4958c3394329865304a411f617dc16b00|bf72bee03d403de93a7b69f4dbf61588339a72ac65184a211ee17dc16280|bf72bee03d403de93afb69f55bf3158b331472e6654c4a911fa17f616c40|bf72bee07d403de93abb69f55bf3d588b31772f865524be51fc17f916720|bf73bee17dc03de93afb69f55bf3a589630692f025c9cbe31fe17f937d34
assets/videos/ShootingVideosDataset,c:\Users\karim\Desktop\Swichy\assets\videos\ShootingVideosDataset\Klay3ptshooting1.mp4,Klay3ptshooting1.mp4,627324,0.627,True,30.0,75,2.5,1280,720,1280x720,1.778,h264,None,,Klay,False,False,False,False,,,Klay3ptshooting3.mp4,0.0976,235a43e607de0ffa1a6a58d4adb15372f2e5e57a9f95bb0b7f16dbec98dd|235a43e607de0ffa1e6a50dcbdb15272f4e5e57a9f95bb0b7f16d9ed98df|225a43ee07de0ffa1e6a50dcb9b17272e4c5edfa9f95bb0a7f14c9e998df|025243e607df0fb63e6a51dcbbb17272e0c5e77a9f953b0aff15d9eb98df|225243ee07de0ffa3e6a50dcbbb17272e0c5a57a9f953b0aff15c9ef98df|225243ee07de0ff23e6a50d4bbb17272e0c5a77a9f957b0aff15c9ef98df|235243ee07de0ff23e6a50d4b9b17272e0c5a57abb917f0aff15d9ef98dd|235243ee07de0ff23e6a50dca9b17272e0e5a57abb957d0aff15d9ff98dd
assets/videos/ShootingVideosDataset,c:\Users\karim\Desktop\Swichy\assets\videos\ShootingVideosDataset\Klay3ptshooting3.mp4,Klay3ptshooting3.mp4,811745,0.812,True,30.0,75,2.5,1280,720,1280x720,1.778,h264,None,,Klay,False,False,False,False,,S8,Klay3ptshooting4.mp4,0.1482,f26efc89f937e227cc5698a5b0e321d691acaf59ceb72d4e5adc9df93b32|f36eec89f937e267c4d69825b16b22d6c5ac0b59b6b7294c52dc8df93bb2|f36eec89f937e267d4d69925b26b24d6c5ac9b59a4b7494e5ad88dfb3bb6|fb6eec99f937e247d4969925b26b24d6c9ac9359a4b7494e92d92dfb3bb2|fb6eec89f937f267d4869925f26b24d6c9ac935926b7494e92d92dfa3bb6|fb6eec89f937f267d4869925f26b24d6cdac1b59a6b34d4edad995fb3bb2|fb6fec89f937f267d4c698a5706b22d6c5ac0b5996b35d4ebadd55fabbb3|fb6fec89f937f237d466986570eb21c6d3ac2759ceb32d4e9add15bb3bb2
assets/videos/ShootingVideosDataset,c:\Users\karim\Desktop\Swichy\assets\videos\ShootingVideosDataset\Klay3ptshooting4.mp4,Klay3ptshooting4.mp4,750857,0.751,True,30.0,75,2.5,1280,720,1280x720,1.778,h264,None,,Klay,False,False,False,False,,S8,Stephcurryleftcourner3ptshooting3miss.mp4,0.1667,fb6fec99f937f237d466986570e321c6d3ac07598eb3294e52dc9db93b32|fb6fec99f937f267c4c698ad716322e6c5ac0b5994b3594eb2d9ddb9bb31|fb6fec99f937f267d486992d725324c6c5ac1b59a4b3494ed2d99dbb3bb6|fb6fec99f937f267f486992d327324c6c9ac1b59a4b3494e92d92dba3b36|fb2fec59f937f267f4869925725324c6d9ac2b5964b2c94d9adb2db23b26|fb6fecd9f937f267dc869925766324c6c99c3b5964b288cc99db3db23b2e|fb6fec99f937f267fc869925326324c6c99c1b59a4b348ced1d9a5b33b36|fb6fecd9f937f267dc869925326364c6c99c1b59b4b358ceb1d96db2bbb5
assets/videos/ShootingVideosDataset,c:\Users\karim\Desktop\Swichy\assets\videos\ShootingVideosDataset\Klaythompsonpracticeshooting.mp4,Klaythompsonpracticeshooting.mp4,952887,0.953,True,30.0,126,4.2,1280,720,1280x720,1.778,h264,None,,Klaythompson,False,False,False,False,,,Couch2rightcourner3ptshooting2_jumpshoot.mp4,0.0501,3fe47ffaff33fa67f7dfe3fd65fb83ff6ffe6ffeffd5edfbb7778f4f58ce|3fe47ffbff33fa67f7dfe3fd41fb83ff2ffe6ffcffd5fdebb777af4f598e|3fe47ffbff33f967f3ffa3fde1ff03feafff6ffeffd5ffeba337ad4e59ce|3fe47ffbff33fa67f3dfc3fd45fb8bffbffe6ffcff51fff3b367af4e598e|c6f22c445fc9af915f23b6f7ed9fcb3f9fffadeb0bde57fcbff37fe6ffcf|236265faafe61c0421d1bf937f23f7e7e83fd23f9c7ea9fd03da35fc4ffb|334d67f9aff338061dd1bf917f23f633ec0fc81fdeff896b13da33fc7ff9|337d67f9efc338004fd1bf917f23f637e80fd21f9ffd89eb1b5e37fe7f79
assets/videos/ShootingVideosDataset,c:\Users\karim\Desktop\Swichy\assets\videos\ShootingVideosDataset\LethalShooterRightCourner3ptshooting1.mp4,LethalShooterRightCourner3ptshooting1.mp4,561633,0.562,True,30.0,69,2.3,404,720,404x720,0.561,h264,None,,LethalShooter,False,False,False,False,,,Stephcurryleftcourner3ptshooting3miss.mp4,0.1006,0001c0024007803e0818812f100e48821bf0234663818d2a1e582346363c|0001a0034007c09e801d5197b00f4cc319f873a4d140c7a40f7843633b1a|0001c0026007c086180c50df94070c411df8238251e192950f2c03211b1e|0801a0012007c04f040e615b1047aea11df82980cda0ca960e2c23a11b8f|0801e0032007c04f442e605b8007ae610df839d16da0cad216ae23b15b8d|0801e0032007c04b442e20db8427aea10df819d04da0dad6162c23a01b0d|0001e0032007c04f002e615b84878aa107f80f90a9e04a951e2c03211b1f|0001e0022007c04e000c60df84a706a147fc0fb0a9c0d1950c2c07231b1e
assets/videos/ShootingVideosDataset,c:\Users\karim\Desktop\Swichy\assets\videos\ShootingVideosDataset\Lethalshooterpractice3ptshooting.mp4,Lethalshooterpractice3ptshooting.mp4,405913,0.406,True,30.0,97,3.233,1280,720,1280x720,1.778,h264,None,,LethalShooter,False,False,False,False,,S9,Screen Recording 2026-08-14 011122.mp4,0.0908,2bfb501f300e730ce619ccb3b97570ecc3d187ab0f5420ef9f183a54fcb1|3bfb501f300e730ce6199cb37976d0edc1d907a6074410cf9f103a747cf0|2bff501f300e730cd619bcb37976f0ecc1d103a607cc109fdf303a747cf0|3bff501f300e730ce619ccb33976f0ecc1d103a607cc108fdf303a747cf0|3bff501f300e730ce619ccb3b97570ecc1d983a307c620af9f583a347cf0|3bff501f300e730ce619ccb3b97570ecc1d183ab07d610afdf583ab47d70|3bfb501f300e730ce619ccb3b97370e4c1c983a207c400afdf103ab47c70|3bff501f300e730ce619ccb31976f0e9c3c9838e07cc009f9f303a747c70
assets/videos/ShootingVideosDataset,c:\Users\karim\Desktop\Swichy\assets\videos\ShootingVideosDataset\Lethalshooterpractice3ptshooting2.mp4,Lethalshooterpractice3ptshooting2.mp4,239084,0.239,True,30.0,75,2.5,1280,720,1280x720,1.778,h264,None,,LethalShooter,False,False,False,False,,,video9.mov,0.0988,c3db1403ed81d7134e279c4f389cb1bd237c42c480090ff3b92f2c5cdf25|c3db9403ed81d7134e279c4f189cb3b8637442c480090ff3b92f2c5cde25|c3db1403ed81d31346278c4f189cb1ba6374c2c5800b0fd7b9af2c54dca5|c3db1403ed81d7134e278c4f189cb1ba6374c2d5800b0fd7b9ab2c5cdd25|c3db1403ed81d7134e279c4f089c91be6374c2c5800b0fd7b9af2c5cdd25|c3db1403ed81d7134e279c4f289c91be237442c480090fd3b9af2c5cdd25|c3db1403ed81d7130e279c4f289d11be337462e4c0090fdbb9a72c4cdd15|c3db1403ed81d7134e279c4f288d11ba337c62c4c0098ffbb9a72c4cdf0d
assets/videos/ShootingVideosDataset,c:\Users\karim\Desktop\Swichy\assets\videos\ShootingVideosDataset\Lethalshooterpracticeshooting.mp4,Lethalshooterpracticeshooting.mp4,398992,0.399,True,30.0,99,3.3,1280,720,1280x720,1.778,h264,None,,LethalShooter,False,False,False,False,,S9,video8.mov,0.0925,2bf4503f300c7308c6198cb11960b0c5cbcb17260ecc201f9f387a647cf0|2bf4503f300c7308c6198cb31964b0c943c207040e88205f9e6038e479f0|2bf4503f300c7308c6198cb31961b0cb11d203940688001f9e6038c479b0|2bf4503f380c5308e6194cb2d961b0c941c2038c0698003f9e6038c479b0|2bf4503f300c7308c6198cb31964b0c941c2038c0698003f9e6038c479b0|27f4503f300c730cc6198cb31964b0cdc1c303860688205f9e2038e479f0|2bf4503f300c730cc6198cb31962b0cdc3cb07960eac00579eb039647af0|2bf4503f300c730cc6198cb31962b0c943d387940ea8205f9e3079647af0
assets/videos/ShootingVideosDataset,c:\Users\karim\Desktop\Swichy\assets\videos\ShootingVideosDataset\Mikedunn3ptshooting3.mp4,Mikedunn3ptshooting3.mp4,367271,0.367,True,30.0,75,2.5,1280,720,1280x720,1.778,h264,None,,Mikedunn,False,False,False,False,D7_mikedunn,,Screen Recording 2026-08-14 013820.mp4,0.3691,b98935312ce56952d4d3a666d85e04ee699682f907d20b9496a62b285698|b98935312ce56952d4d3a666d85e04ee69d682f907d20b9494a62b285698|b98935712ce56952d4d3a666d85e04ee69d6827907d20b9496a62b285698|b98935712ce56952d4d3a666d85e04ee69f6827907d20a9496a62b285698|b98935712ce56952d4d3a666d85e04ee69d682f907d20a9486a62b285698|b98935712ce56952d4d3a666d85e04ee69d682f907d20a9486a62b285698|b98935712ce56952d4d3a666d85e04ee69d682f907d20a9494a62b285698|b98935712ce56952d4d3a666d85e04ee69d682f905d20a9494a62b285698
assets/videos/ShootingVideosDataset,c:\Users\karim\Desktop\Swichy\assets\videos\ShootingVideosDataset\Salahairballtest.mp4,Salahairballtest.mp4,1710063,1.71,True,30.0,212,7.067,1280,720,1280x720,1.778,h264,None,,Salah,False,False,False,False,D3_salah,S5,salah_video.mp4,0.9804,00d805c81a903d2050212804b0a850d991ab2764dae49dd97f780e111c28|00d805c81a90392050212804b0a850d991ab27649ae49dd97f780a011c28|00d005c816905d28d021280430a950d991ab2764dae49dd977780a011c08|00d005c8169039285021280570a850d9912b2764dae495d9777c0a011e28|10d006481b905924d021500538a850d9912b2764dae495d97f782a091c08|00d005c81a905d24e021580530a850d991ab2764dae495597b7c2e01dc20|00d005c81990592450215004b0aa50d991aa6764dae895f97f3812614668|10d005c815905d20b021280470a950d995ab2b64dae4a5d95f7c5200c428
assets/videos/ShootingVideosDataset,c:\Users\karim\Desktop\Swichy\assets\videos\ShootingVideosDataset\Stephcurryleftcourner3ptshooting1.mp4,Stephcurryleftcourner3ptshooting1.mp4,889725,0.89,True,30.0,77,2.567,1280,720,1280x720,1.778,h264,None,,Stephcurry,False,False,False,False,,S4,Stephcurryleftcourner3ptshooting3miss.mp4,0.0974,b2b438fd6dea115766e5cdaf4b86955d093a5b25b4f27750d625b6933857|595a145ea4f308a32160e5c7e287aacecd9d1b9a197137a85625da9b5d26|594a9c7fa6f318b1b3aae1d7a297ea6e8cdd19ceb9f07fa0ee05ce9b6c46|595abc5d16eb0873b2a8e5d7e383476e8ccd199a287877a4ae15de9b4c24|5918a83d127b8491b1a8e5d7e31345ee8ecd198a327875a0ae11dc9bec25|591aac3d127b8491b0e8f1d7e353c56e8ecd1d86ba7877a4ae15ce99ec26|590aae7d927b1c91b36af2d7e517c97e96dd0dce98f43fa46e04ce9aec25|591ca83d127b8491b1a0f253e4d3d5eea2cd058aca7895a12e144e99ec29
assets/videos/ShootingVideosDataset,c:\Users\karim\Desktop\Swichy\assets\videos\ShootingVideosDataset\Stephcurryleftcourner3ptshooting3miss.mp4,Stephcurryleftcourner3ptshooting3miss.mp4,825931,0.826,True,30.0,77,2.567,1280,720,1280x720,1.778,h264,None,,Stephcurry,False,False,False,False,,S4,Klay3ptshooting4.mp4,0.1667,5c16a93d826b9cd1b069f097e1c7537e84ed09ae1af437a86644ee99a44b|5c16a93d926b9cd0b0c9f195e2e7557e8ced09be18fc37ac6645e6dba406|5c16293d926b9cd1b0c5f191e1e7d5ae8d6d98ae34f85faca6c5e69aa486|5c16aa3d922b9c51b0c1f193e3d7d5be8d6d98ee34f85faca691ee92a48c|5c16aa3d926b9c51b0c9f193e5d7d5de8dad38ee70fcdfa9a603ee92ad0c|5c16aa3d926b9c51b0e9f191e393c5de8cbd39ee78f4dda9a643ee92ed8c|5c16a93d926b9cd1b0c9f195e2d3d5ee8dfd18ae38f45fa8a641ee92248c|5c162b35924b9c51b129f2d5e1d3d3ee87dd0cae1cfc3fa8e6c4ee99a406
assets/videos/ShootingVideosDataset,c:\Users\karim\Desktop\Swichy\assets\videos\ShootingVideosDataset\Stephcurryleftcourner3ptshooting4miss.mp4,Stephcurryleftcourner3ptshooting4miss.mp4,926854,0.927,True,30.0,76,2.533,1280,720,1280x720,1.778,h264,None,,Stephcurry,False,False,False,False,,S4,Stephcurryleftcourner3ptshooting5.mp4,0.0968,527ba45710bb33a9f546c727e2fe84dd0dce9df437bacca48e116c9ae733|aa3d526bc4d19170f0f3e193d32f86dfafdf5b3c3dd86e16c605a6d36695|0a3c1a79845991b072ebf1d3d157c6ceadc75d383dd45e12c685f6d2361e|5c2e927ba45991b1b26af5d6e707c6fe8ddd5dbc3cf47f16eec5eed3260e|582e127ba45b19b1326bf4d6c507e2fe8fd55fdebcf47f12ee44eed16c06|b82e527ba4d318b33369e6c6c527aaff85d74d8e9df03f924e44ce916c06|982e527ba45310b13369e6c6c507abff87d74d3cddf0bf126e44ee91ec89|a82e527aa4d190b1f369e6c6c587a9ff83d3653cd9f4bf132e456e94ec89
assets/videos/ShootingVideosDataset,c:\Users\karim\Desktop\Swichy\assets\videos\ShootingVideosDataset\Stephcurryleftcourner3ptshooting5.mp4,Stephcurryleftcourner3ptshooting5.mp4,982017,0.982,True,30.0,92,3.067,1280,720,1280x720,1.778,h264,None,,Stephcurry,False,False,False,False,,S4,Klay3ptshooting3.mp4,0.1096,5f3ecb2d8c48d9b0796bf357ecdec1dd93c3667c4fdc171372a452d49b5a|5f3ecb2d8c48d9b4794bf0c1e9fec37b96c76d7c5fccb71372a4dad59b5a|5f3ecb2d8c48d9b4784bf1d1e9fec33d86c74d7c3fcc7712d2a4dad11b5a|5d3ecb2d8c28d97478cbf1d9e3dfc6ddae675c7c2fdc5702d2a5dad31bd6|5d3ecb2d8c58d9357849f1d9e9eec2dd8cb71c7c2ecc57d2f3e5dad31b56|54bac925ce68d9b4f96af0cdedf6c3ed96570c7c1bcc32d333a45ad1d958|551ac934e668d8907988f16deaf6c1ed925f243c4bcc13d153849ad559d8|553ac925ce68d9c07988f14deef6c8ed905f203c47cc175153a51ad65bd8
assets/videos/ShootingVideosDataset,c:\Users\karim\Desktop\Swichy\assets\videos\ShootingVideosDataset\Stephcurryleftwing3ptshooting1_jumpshoot.mp4,Stephcurryleftwing3ptshooting1_jumpshoot.mp4,896285,0.896,True,30.0,77,2.567,1280,720,1280x720,1.778,h264,jump_shot,jumpshoot,Stephcurry,False,False,False,False,,S4,Klay3ptshooting3.mp4,0.0405,9152505ea4f708a32160e767cea7894f525e15beea9993f13625bad6be8d|b952505f24f709a36350e7efcdc78b4f46962dbedef9b3626e257a9cbd1b|b2a470ad6de209576261cdefdd0f9b9f252c2b1d953327e67645f099fd12|d1561856a4f309a32170e6c7cca78d8f55962f9ede79bba37625fa9cbd12|5952185ea4f308a32130e6d7cca78b8f57962f9ece79bba27625fa9cbd12|5176bab624f949e331436677cd8f8d0f559627ac0ebd93e37665fadcbd13|5176b2b420fb4de331636657cdcf8d8f579e27ae2ebd9be33665fadcbd13|5176329620ff49e3314346f7cf878d4f55be272caebd93e33625fadcbd13
assets/videos/ShootingVideosDataset,c:\Users\karim\Desktop\Swichy\assets\videos\ShootingVideosDataset\Stephcurryleftwing3ptshooting6_jumpshoot.mp4,Stephcurryleftwing3ptshooting6_jumpshoot.mp4,885220,0.885,True,24.0,78,3.25,998,720,998x720,1.386,h264,jump_shot,jumpshoot,Stephcurry,False,False,False,False,,S10,Stephcurryleftwing3ptshooting7_jumpshoot.mp4,0.1747,f88121138e27644dec169081117a00d4816902d68530026404681cd04982|f8812113ce2764458c169080117a00d4016842d6853c126424e81d904bc6|f8812113ce2764458c169080917a20d4016802cc852c026424e81d904b42|f8812113ee274405cc169880017822d4016802de052c0e6404e81d904942|f8812113ce274405c8169880e17a22d40168029e052c0e6404e81d904b42|f8812103ce07440588169880e17a22d4016802d2052c0e6404e81d904b42|f8812103ce076406c8169881c17a22d401680296052c0e6404e819904b42|f8812103ce076406c8169881c17a22d4016802c6053c0e6404681c904942
assets/videos/ShootingVideosDataset,c:\Users\karim\Desktop\Swichy\assets\videos\ShootingVideosDataset\Stephcurryleftwing3ptshooting7_jumpshoot.mp4,Stephcurryleftwing3ptshooting7_jumpshoot.mp4,877662,0.878,True,24.0,75,3.125,982,720,982x720,1.364,h264,jump_shot,jumpshoot,Stephcurry,False,False,False,False,,S10,Stephcurryleftwing3ptshooting6_jumpshoot.mp4,0.1747,f8892113ce23644d6816888061fa90f4016842c6852c7a6024e419d069c2|f8892113ce27644d7816c88061fa10f40168428e8dbc1a6024e45cd068c2|f8892113ce2724453816488061f810f4014c428a8dbc3b6064e44d406ac2|f8892113ce232445b8164884e1f810f401cc429a85bc1b6026e44d4068c2|f8892113ce23244538164880e1f810d401ac035a85ac0a6024e40d486ac2|f8892113ce234445b8164880e1fc10d401a802e285b40b6026640cc868c2|f8892113ce232445b8164880e17c10d601ac03d2859c0b2006640cc869c2|f8892113ce230446b8164800e17a10d601ac0352059c0b3006640c4868c0
assets/videos/ShootingVideosDataset,c:\Users\karim\Desktop\Swichy\assets\videos\ShootingVideosDataset\Stephcurryleftwing3ptshooting_jumpshoot5.mp4,Stephcurryleftwing3ptshooting_jumpshoot5.mp4,957579,0.958,True,24.0,76,3.167,1000,720,1000x720,1.389,h264,jump_shot,jumpshoot5,Stephcurry,False,False,False,False,,,Stephcurryleftwing3ptshooting6_jumpshoot.mp4,0.0826,f881a103ce27640f7812b088117a00f6016400ea05180ab006681c506882|f881a103ce27640b4812b080117a00f6016c00d605580ab404681c506882|f88121038e27640b4812b080117a00f5016c02d605580ab406681cd06982|f88121138e27640bc812b088117c00f6016c02de055002a406681cd06882|f88131138e27640b4812b088117a00f6014c028e0590036404681cd068a2|f8812113ae27644b0812b088117a00e4015802b605b8036404681cd068a2|f88121138e27640f4812b08c117a00e4015802a605b0036404e81cd069a2|f88121138e27640d4c12b08d117200e4014802d605b0026404e81cd049a2
assets/videos/training,c:\Users\karim\Desktop\Swichy\assets\videos\training\Screen Recording 2026-05-25 142320.mp4,Screen Recording 2026-05-25 142320.mp4,1530561,1.531,True,30.0,295,9.833,426,566,426x566,0.753,h264,None,,screen_recording,False,False,False,False,,,Couchshooting1.mp4,0.0622,1d19327045713853b134a94914eb45d63af82d56dacdc3ef11205ca05930|3ea2a5e50acde09ee4b544e66a961c98bcadb968f19baf8c6640d080a081|7e6eedc62bc538bbc5bdcd266b6c4eb8b4a97959b3d2e5275f70ccc1a485|fe0ce8c08b8728b9c1bdad24496ae72cacb4d9cd72d2e7345f59c8c3a207|7cceeac92b87293945f9ad8c5b2ea64cac71da9171b66a24de70ea83a203|7cdec8c913876937417b898f55642e48ed529aa967174a34dd70ea83e80b|5c99ea8817865177837b8a0d5172aa69ede2fa93756749c6bcf1ca43c107|7cdecac815867137c37b890d55d2b991eba292d1a4e67bd0f5f1e203e103
assets/videos/training,c:\Users\karim\Desktop\Swichy\assets\videos\training\Screen Recording 2026-08-14 004129.mp4,Screen Recording 2026-08-14 004129.mp4,4898476,4.898,True,30.0,129,4.3,1920,1080,1920x1080,1.778,h264,None,,screen_recording,False,False,False,False,D1_video8_session_cuts,S1,video8_shot05_set.mp4,0.6325,3153a5ed68a35a81a61209948426e81c91e503eb07d803b10b6c3b5024a0|3153a5ed68a35a81a61209948426e81c91e503eb07d803b10b6c3b5024a0|3153a5ed68a35a81a6120994c426e81c91e503eb07d802b10b2c3b5124a0|3153a5ed68a35a81a61209948426e81c91e503eb07d803b10b6c3b5124a0|3153a5ed68a35a81a6120994c426e81c91e503eb07d802910bac3b5124a0|3153a5ed68a35a81a6120994c426e80c91a503eb07d402b10b6c3b5024a0|3153a5ed68a35a81a6120994c426e80c91a503eb07d402b10b6c3b5024a0|3153a5ed68a35a81a6120994c426e80c91a503eb07d402b10b6c3b5125a0
assets/videos/training,c:\Users\karim\Desktop\Swichy\assets\videos\training\Screen Recording 2026-08-14 004215.mp4,Screen Recording 2026-08-14 004215.mp4,3516426,3.516,True,30.0,107,3.567,1920,1080,1920x1080,1.778,h264,None,,screen_recording,False,False,False,False,D1_video8_session_cuts,S1,Screen Recording 2026-08-14 005503.mp4,0.4668,3153a5ed68a35a81a6120994c426e81c91e503eb07d402b10b6c3a5025a0|3153a5ed68a35281a61209948426e81c91e503eb07d402b10b6c3b5025a1|3153a5ed68a35a81a61209948426e81c91a503eb07d402b10b6c3b5024a1|3153a5ed68a35a81a61209948426e81c91a503eb07d403b10b6c3b5024a1|3153a5ed68a35a81a61209948426e81c91a503ef07dc03910bac3b5024a1|3153a5ed68a35a81a61209948426681e91a903f707cc03910bac3b5024a1|3153a5ed68a35a81a61209948426681e91a903f707cc02910bac3b5024a1|3353a5ed68a35a81a61209948426681e91a903f707cc02910bac3b5124a0
assets/videos/training,c:\Users\karim\Desktop\Swichy\assets\videos\training\Screen Recording 2026-08-14 004832.mp4,Screen Recording 2026-08-14 004832.mp4,5607490,5.607,True,30.0,144,4.8,1920,1080,1920x1080,1.778,h264,None,,screen_recording,False,False,False,False,,S1,video8.mov,0.3728,3152a5ed68a35a81a61209948422e81891e903d3073403410aac3b5024a0|3152a5ed68a35a81a612099c8424e85891a903d3073403410aac3b5024a1|3152a5ed68a35a81a612099c8426e850919903b3075402c109ac3b5024a1|3152a5ed68a35a81a616099c8426e898913905fb03d407c10bac1b5025a0|3152a5ed68a35a81a616099c8426e898913905fb03d407c10bac1b5025a0|3152a5ed68a35a81a616099c8426e898913905fb03d407c10bac1b5025a0|3152a5ed68a35a81a616099c8426e898913905fb03d407c10bac1b5025a0|3152a5ed68a35a81a616099c8426e898913905fb03d407c10bac1b5125a0
assets/videos/training,c:\Users\karim\Desktop\Swichy\assets\videos\training\Screen Recording 2026-08-14 005322.mp4,Screen Recording 2026-08-14 005322.mp4,3697670,3.698,True,30.0,107,3.567,1920,1080,1920x1080,1.778,h264,None,,screen_recording,False,False,False,False,D1_video8_session_cuts,S1,video8.mov,0.4533,3153a5ed68a35a81a6120994c426e81ad1ed02f307ce03c90bac3b5034a0|3153a5ed68a35a81a61209948426681ad1e903f707ce03d90bac3b5034a0|3153a5ed68a35b81a6120994c426e81bd1a903f307c603c90bac3b5034a0|3153a5ed68a35a81a6120994c426e81b51b902fb07c603c10b842b5124a0|3153a5ed68a35a81a6120994c426e81ad1a903f707ce03d90ba42b5034a0|3153a5ed68a35a81a6120994c426e81ad1ad03f707ce03c90bac3b5034a0|3153a5ed68a35a81a6120994c426e81ad1fd03f707ce03c90ba43b5024a0|3353a5ed68a35a81a6120994c426e81ad1fd03f707ce03c90ba43b5124a0
assets/videos/training,c:\Users\karim\Desktop\Swichy\assets\videos\training\Screen Recording 2026-08-14 005350.mp4,Screen Recording 2026-08-14 005350.mp4,6062115,6.062,True,30.0,153,5.1,1920,1080,1920x1080,1.778,h264,None,,screen_recording,False,False,False,False,D1_video8_session_cuts,S1,Screen Recording 2026-08-14 005414.mp4,0.461,3153a5ed68a35a81a6120994c426e81ad1ed03f707ce03c90bac3b5124a0|3153a5ed68a35a81a6120994c426e81ad1ed03f707ce03c90bac3b5024a0|3153a5ed68a35a81a6120994c426e81ad1bd03f707ce03c90ba43b5024a0|3153a5ed68a35a81a61209948426e81ad1e902f707ce03d90bac3b5024a0|3153a5ed68a35a81a6120994c426e81a91fb03f707ce03d90ba42b5024a0|3153a5ed68a35a81a6120994c426e81911e902f307c603c90b8c3b5024a0|3153a5ed68a35a81a6120994c426681a91e903f707cc03d10bac3b5024a0|3153a5ed68a35a81a6120994c426681a91e903f707cc03d10bac3b5024a0
assets/videos/training,c:\Users\karim\Desktop\Swichy\assets\videos\training\Screen Recording 2026-08-14 005414.mp4,Screen Recording 2026-08-14 005414.mp4,3467676,3.468,True,30.0,102,3.4,1920,1080,1920x1080,1.778,h264,None,,screen_recording,False,False,False,False,D1_video8_session_cuts,S1,Screen Recording 2026-08-14 005350.mp4,0.461,3153a5ed68a35a81a61209944426681a91eb02f707cc03910bac3b5024a0|3153a5ed68a35a81a6120994c426681a91eb03f707cc03910bac3b5024a0|3153a5ed68a35a81a6120994c426681a91eb03f707cc03910bac3b5024a0|3153a5ed68a35a81a6120994c026681a91eb03f707c403d10bac3b5024a0|3153a5ed68a35a81a6120994c426e81b11e903f307c603c90b8c3b5024a0|3153a5ed68a35a81a6120994c426e81911e903f307c603c90b8c3b5024a0|3153a5ed68a35a81a6120994c426e81911e903f307c603c90b8c3b5024a0|3153a5ed68a35a81a6120994c426e81911e903f307c603c90b8c3b5124a0
assets/videos/training,c:\Users\karim\Desktop\Swichy\assets\videos\training\Screen Recording 2026-08-14 005440.mp4,Screen Recording 2026-08-14 005440.mp4,4427501,4.428,True,30.0,119,3.967,1920,1080,1920x1080,1.778,h264,None,,screen_recording,False,False,False,False,D1_video8_session_cuts,S1,video8.mov,0.5216,3153a5ed68a35a81a61209944426680a91fb03f707cc03910bac3b5024a0|3153a5ed68a35a81a6120994c427680e91fb03e707cc03910bac3b5024a0|3153a5ed68a35a81a6120994c426680e91fb03f707cc03910bac3b5024a0|3153a5ed68a35281a6120994c426680a91eb03f707cc03d10bac2b5024a0|3153a5ed68a35a81a61209948426e80c91e503eb07d803b10b6c3b5024a0|3153a5ed68a35a81a61209948426e81c91e503eb07d803b10b6c3b5024a0|3153a4ed68a35a81a61209948426e81c91e503eb07d803b10b6c3b5024a0|3153a4ed68a35a81a61209948426e81c91e503eb07d803b10b6c3b5124a0
assets/videos/training,c:\Users\karim\Desktop\Swichy\assets\videos\training\Screen Recording 2026-08-14 005503.mp4,Screen Recording 2026-08-14 005503.mp4,3379042,3.379,True,30.0,91,3.033,1920,1080,1920x1080,1.778,h264,None,,screen_recording,False,False,False,False,D1_video8_session_cuts,S1,video8.mov,0.5447,3153a5ed68a35a81861209948426e80c91f503eb07d002b10b6c3b5024a0|3153a5ed68a35a81a61209948426e81c91f503eb07d402b10b6c3b5024a0|3153a5ed68a35a81a61209948426e81c91f503eb07d402910b6c3b5024a0|3153a5ed68a35a81a61209948426e81c91f503ef07dc02910b2c3b5024a0|3153a5ed68a35a81a61209948426681491e503ef07dc03910bac3b5024a1|3153a5ed68a35a81a61209948426e80c91e503eb07d403b10b2c3b5024a1|3153a5ed68a35a81a61209948426e81491e503eb07dc03b10b2c3b5024a1|3353a5ed68a35a81a61209948426e81491e503eb07dc03b10b2c3b5125a0
assets/videos/training,c:\Users\karim\Desktop\Swichy\assets\videos\training\Screen Recording 2026-08-14 005520.mp4,Screen Recording 2026-08-14 005520.mp4,3437027,3.437,True,30.0,101,3.367,1920,1080,1920x1080,1.778,h264,None,,screen_recording,False,False,False,False,D1_video8_session_cuts,S1,Screen Recording 2026-08-14 004215.mp4,0.458,3153a5ed68a35a81961209948424e81c91e503eb07d402b10b6c3a5025a1|3153a5ed68a35a81a61209948426e81c91a503eb07d402b10b6c3a5025a1|3153a5ed68a35a81a61209948426e81c91b503eb07d403b10b6c3b5024a1|3153a5ed68a35a81a61209948426e81c91a503ef07dc03b10b6c3b5024a1|3153a5ed68a35a81a61209948426681e91a903f707cc03910bac3b5024a1|3153a5ed68a35a81a61209948426681e91a903f707cc02910bac3b5024a1|3153a5ed68a35a81a61209948426681e91a903f707cc02910bac3b5024a1|3153a5ed68a35a81a61209948426681e91a903f707cc02910bac3b5124a0
assets/videos/training,c:\Users\karim\Desktop\Swichy\assets\videos\training\Screen Recording 2026-08-14 005540.mp4,Screen Recording 2026-08-14 005540.mp4,2903639,2.904,True,30.0,81,2.7,1920,1080,1920x1080,1.778,h264,None,,screen_recording,False,False,False,False,,S1,video8.mov,0.3188,3152a5ed68a35a81a61209948426e81891e90393073402410aac3b5024a1|3152a5ed68a35a81a61209948426e81891c90393077402410aac3b5024a1|3152a5ed68a35a81a61209948426e81891c90393077402410bac3b5024a1|3152a5ed68a35a81a61209948426e81891e903d3073403410aac3b5024a1|3152a5ed68a35a81a61209948426e81891e903d307b403410aac395024a1|3152a5ed68a35a81a61209948426e81891e903d307b403410aac395024a0|3152a5ed68a35a81a61209948426e81891e903d307b403410aac395024a0|3152a5ed68a35a81a61209948426e81891e903d307b403410aac395125a0
assets/videos/training,c:\Users\karim\Desktop\Swichy\assets\videos\training\Screen Recording 2026-08-14 005601.mp4,Screen Recording 2026-08-14 005601.mp4,6226503,6.227,True,30.0,159,5.3,1920,1080,1920x1080,1.778,h264,None,,screen_recording,False,False,False,False,D1_video8_session_cuts,S1,video8.mov,0.48,3152a5ed68a35a81a61209948424e81891e903d307b403410aac395024a1|3152a5ed68a35a81a61209948426e81891f103d307b403410aac3b5024a1|3152a5ed68a34a81a61209948426e81891e903d3073403410aac3b5024a1|3152a5ed68a35b81a612099c8426e85891a90393077402410bac3b5024a1|3152a5ed68a35b81a612099c842ee81091d103b3075402c109ac3b5024a0|3152a5ed68a35a81a616099c8426e85891b904fb03d403c10fac0b5035a0|3152a5ed68a35a81a616099c8426e848917906fb05d403c10bac2b5035a0|3152a5ed68a35a81a616099c8426e848917906fb05d403c10bac2b5115a0
assets/videos/training,c:\Users\karim\Desktop\Swichy\assets\videos\training\Screen Recording 2026-08-14 005619.mp4,Screen Recording 2026-08-14 005619.mp4,5452428,5.452,True,30.0,145,4.833,1920,1080,1920x1080,1.778,h264,None,,screen_recording,False,False,False,False,D1_video8_session_cuts,S1,video8_shot10_jump.mp4,0.6176,3152a5ed68a35a81a616099c8426e82891d9077b06d401c10bac335025a0|3152a5ed68a35a81a61609928426e8309199073b075401c109ac335025a0|3152a4ed68a35a81a616099c8426e83491b907ab075402c109ac335025a0|3152a5ed68a35a81a616099c8426e82c91a9076b06d401c10bac375025a0|3152a5ed68a35a81a616099c8426e84891e906eb05d403c10bac2b5035a0|3152a5ed68a35a81a616099c8426e81c91a907fb0fd403c10bac3b5025a0|3152a5ed68a35a81a616099c8426e81c91a907fb0fd403c10bac3b5025a0|3152a5ed68a35a81a616099c8426e81891a907fb0fd403c10bad3b5125a0
assets/videos/training,c:\Users\karim\Desktop\Swichy\assets\videos\training\Screen Recording 2026-08-14 005642.mp4,Screen Recording 2026-08-14 005642.mp4,4412883,4.413,True,30.0,117,3.9,1920,1080,1920x1080,1.778,h264,None,,screen_recording,False,False,False,False,,S1,Screen Recording 2026-08-14 011917.mp4,0.2425,3152a4cd69a35a81a616099c8426e82091b9076b0ed401c10bac135025a0|3152a5ed68a35a81a616099c8426e82c91a9076b0ed401410bac135025a0|3156a5ed68a35a81a616099c8426e82491a9076b0ed401410bac375025a0|3152a5ed68a35a81a616099c8426e82c91a9076b0ed403410bac175025a0|3156a5ed69a35a81a616099c842ee82491a9077b0ed401410bac135025a0|3156a5ed69a35a81a616099c842ee82491a9077b0ed401c10ba4135025a0|3156a5ed69a35a81a616099c8426e82491a9077b0ed401c10bac135025a0|3156a5ed69a35a81a616099c8426e82491a9077b0ed401c10bac135125a0
assets/videos/training,c:\Users\karim\Desktop\Swichy\assets\videos\training\Screen Recording 2026-08-14 005704.mp4,Screen Recording 2026-08-14 005704.mp4,9448050,9.448,True,30.0,250,8.333,1920,1080,1920x1080,1.778,h264,None,,screen_recording,False,False,False,False,,S1,Screen Recording 2026-08-14 005915.mp4,0.1769,3156a5ed69a35a81a616099c8424e82491a9077b0ed401c10bac135025a0|3156a5ed69a35a81a616099c8426e82491a9077b0ed401c10bac135025a0|3156a5ed69a35a81a616099c8426e82491a9077b0ed401c10bac135025a0|3152a5ed69a35a81a616099c842ae83091b9076b0ed400c109ac135025a0|3152a5ed69a35a81a616899c8426e810919907bb0f5402c10bac1b5025a0|3152a5ed69a35a81a616099c842ae814919907bb0f5402c109ac1b5125a0|3152a5ed69a35a81a616099c8426e81c91a307ee0fdc03110bac1b5025a8|3152a5ed69a35a81a616099c8426e81c91a507ea0fd403210b6c1a5025a8
assets/videos/training,c:\Users\karim\Desktop\Swichy\assets\videos\training\Screen Recording 2026-08-14 005724.mp4,Screen Recording 2026-08-14 005724.mp4,2865474,2.865,True,30.0,89,2.967,1920,1080,1920x1080,1.778,h264,None,,screen_recording,False,False,False,False,,S1,Screen Recording 2026-08-14 011954.mp4,0.3313,3152a5ed69a35a85a616099c8426e82491b9077b0ed401c10bac135125a8|3152a4ed69a35a85a616099c8426e82c91b9077b0ed401410bac135125a8|3152a5ed69a35a85a616099c8426e82c91a9077b0ed401410bac135125a8|3152a5ed69a35a81a616099c8426e86c91a9077b0ed401410bac135125a8|3152a5ed69a35a81a616099c8426e86c91a9067b0dd401410bac27512da8|3152a5ed69a35a81a616099c8426e86c91a9067b0dd401410bac27512da8|3152a5ed69a35a81a616099c8426e86c91a9067b0dd401410bac37502da8|3152a5ed69a35a81a616099c8426e86c91a9067b0dd401410bac27512da8
assets/videos/training,c:\Users\karim\Desktop\Swichy\assets\videos\training\Screen Recording 2026-08-14 005744.mp4,Screen Recording 2026-08-14 005744.mp4,5438311,5.438,True,30.0,134,4.467,1920,1080,1920x1080,1.778,h264,None,,screen_recording,False,False,False,False,,S1,Screen Recording 2026-08-14 021059.mp4,0.3083,3152a5ed69a35a85a616099c8426e848916906fb0dd403410fac2b511da0|3152a5ed69a35a85a616099c8426e86c918906fb0cd403410bac2b512da0|3152a5ed69a35285a6160994842ee86c91a9067b0ed401410bac07512da0|3152a5ed69a35a85a616099c842ee86c91a9067b0cd403410bac23512da0|3152a5ed69a35a85a616099c8426e85c916906fb0dd4034107ac2b5125a0|3156a5cd69e35a85a616099c8426e85c916906fb0dd4034107ac2b5125a0|3156a5cd69e35a85a616099c8426e85c916906fb0dd4034107ac3b5025a0|3156a5cd69e35a81a616099c8426e85c916906fb0dd4034107ac2b5125a0
assets/videos/training,c:\Users\karim\Desktop\Swichy\assets\videos\training\Screen Recording 2026-08-14 005827.mp4,Screen Recording 2026-08-14 005827.mp4,3811516,3.812,True,30.0,106,3.533,1920,1080,1920x1080,1.778,h264,None,,screen_recording,False,False,False,False,,S1,Screen Recording 2026-08-14 012053.mp4,0.2866,3152a5ed69a35a85a6160994842ee82c91a9077b0fd401410bac335125a0|3152a5ed69a35a85a616099c8426e82c91a9077b0fd401410bac335125a0|3152a5ed69a35a85a616099c8426e86c91a9067b0dd401410bac335125a0|3152a5ed69a35a85a616099c8426e868916906fb0dd403410bac1b5035a0|3152a5ed69a35a85a616099c8426e82491a9077b0ed401410bac135035a0|3152a5ed69a35a85a616099c8426e82c91a906730dd401410bac1b5035a0|3152a5ed69a35a85a616099c8426e82c91a906730dd401410bac1b5025a0|3152a5ed69a35a85a616099c8426e82c91a906730dd401410bac335125a0
assets/videos/training,c:\Users\karim\Desktop\Swichy\assets\videos\training\Screen Recording 2026-08-14 005915.mp4,Screen Recording 2026-08-14 005915.mp4,8577678,8.578,True,30.0,228,7.6,1920,1080,1920x1080,1.778,h264,None,,screen_recording,False,False,False,False,,S1,Screen Recording 2026-08-14 005704.mp4,0.1769,3152a5ed69a35a85a616099c8426e82c91e907730cd401410bac1b5025a0|3152a5ed69a35a85a616099c8426e82491e907730ed401c10bad9b5325a0|3152a5ed69a35a85a616099c8426e82c91a907730ed401410badb35725a0|3152a5ed69a35a85a616099c8426e83491d907bb0f5402c109adb35725a8|3152a5ed69a35a85a616099c842ae854919907b30f5402c109ad9b5725a8|3152a5ed69a35a85a616099c842ae854919907bb0f5402c109ad9b5725a0|3152a5ed69a35a85a616099c8426e86891c9067b0cd403410badaf5725a0|3152a5ed69a35a85a616099c8426e86891a9067b0cd403410badab5325a0
assets/videos/training,c:\Users\karim\Desktop\Swichy\assets\videos\training\Screen Recording 2026-08-14 005934.mp4,Screen Recording 2026-08-14 005934.mp4,7050235,7.05,True,30.0,187,6.233,1920,1080,1920x1080,1.778,h264,None,,screen_recording,False,False,False,False,,S1,Screen Recording 2026-08-14 011935.mp4,0.2326,3152a5ed69a35a85a616099c8426e86891e9067b0cd403410bac235125a0|3152a5ed69a35a85a616099c8426e86891e9067b0dd403410bac275125a8|3152a5ed69a35a81a616099c8426e82891c9077b0ed401410bac335125a8|3152a5ed69a35a85a616099c8426e82891a9077b0ed401410bac375125a8|3152a5ed69a35a85a616099c842ee8689169067b0dd403410bac23512da0|3152a5ed69e35a85a616099c842ee84c916906fb0dd403410bac2b5115a8|3152a5ed69a35a85a616099c8426e848918906fb0dd403410bac0b5135a8|3152a5ed69a35a85a616099c8426e848918906fb0dd403410bac0b5035a8
assets/videos/training,c:\Users\karim\Desktop\Swichy\assets\videos\training\Screen Recording 2026-08-14 005953.mp4,Screen Recording 2026-08-14 005953.mp4,7295259,7.295,True,30.0,189,6.3,1920,1080,1920x1080,1.778,h264,None,,screen_recording,False,False,False,False,D1_video8_session_cuts,S1,video8_shot10_jump.mp4,0.5132,3152a5ed69a35a85a616099c8426e86891c9067b0dd403410bac23512da8|3152a5ed69a35a85a616099c8426e830919907bb0e5402c109ac135125a8|3152a5ed69a35a85a616099c8426e83491d907bb0f5402c109ac1b5125a8|3152a5ed69a35a85a616099c8426e82091a9077b0ed401410bac175025a8|3152a5ed69a35a85a616099e8424e83091d107b30e7400c10ba4075025a0|3152a5ed69a35a81a616c99b8427883611dc07b30e7400c10bac075125a0|3152a5ed69a35a85a616c99b8427883611dc07b30e7400c10ba4075125a0|3152a5ed69a35a85a616099e8424e83091d107b30e7400c10ba4075125a0
assets/videos/training,c:\Users\karim\Desktop\Swichy\assets\videos\training\Screen Recording 2026-08-14 010914.mp4,Screen Recording 2026-08-14 010914.mp4,6335027,6.335,True,30.0,161,5.367,1920,1080,1920x1080,1.778,h264,None,,screen_recording,False,False,False,False,,S1,Screen Recording 2026-08-14 005953.mp4,0.3448,3152a5ed69a35a85a616099c8426e86c91c906fb0dd4034107ac0f503da0|3152a5ed69a35a85a616099c8426e82491c9077b0ed401c109ac335025a8|3152a5ed69a35a85a616099a8426e834919907bb0f5402c109ac1b5025a0|3152a4ed69a35a85a616099c8426e824919907330e5400c10bac135125a0|3152a5ed69a35a85a616099c8426e82491a907730ed401410bac135125a0|3152a5ed69a35a81a616099c8426e86c91a9067b0dd401410bac135125a0|3152a5ed69a35a85a616099c8426e86e91a9066b0dd403410ba4375025a8|3152a5ed69a35a81a616099c8426e86c91a9067b0dd403410ba4335125a0
assets/videos/training,c:\Users\karim\Desktop\Swichy\assets\videos\training\Screen Recording 2026-08-14 010937.mp4,Screen Recording 2026-08-14 010937.mp4,5993676,5.994,True,30.0,155,5.167,1920,1080,1920x1080,1.778,h264,None,,screen_recording,False,False,False,False,,S1,video8_shot09_set.mp4,0.3442,3152a5ed69a35a85a616099c8426e86891a9066b0dd403410bac175025a8|3152a5ed69a35a85a616099c8424e81091a907bb0f7402c109ac3b5125a8|3152a5ed69a35a85a616099d8422e85891a907d30f3403410aac195125a8|3152a4ed69a35a85a616099c8426e85891a907d30f3403410aac395125a0|3152a5ed69a35a85a616099c8426e854919907b30f7402c109ac1b5125a8|3152a5ed69a35a85a616099a8c26e81891b107db0f3402a1096412d025a0|3152a5ed69a35a85a616099c8c26e83491b907230e5400c10ba4135025a0|3152a5ed69a35a85a616099c8c26e83491b907230e5400c10ba4135025a0
assets/videos/training,c:\Users\karim\Desktop\Swichy\assets\videos\training\Screen Recording 2026-08-14 010958.mp4,Screen Recording 2026-08-14 010958.mp4,9020429,9.02,True,30.0,239,7.967,1920,1080,1920x1080,1.778,h264,None,,screen_recording,False,False,False,False,,S1,video8_shot10_jump.mp4,0.318,3152a5ed69a35a85a616099c8c26e83491b907230e5400c10ba4135025a0|3152a5ed69a35a85a616099c8c26e83491a9076b0ed401c10ba4175125a0|3152a5ed69a35a81a616099c8426e82491e9077b0e5401c10bac135025a0|3152a5ed69a35a85a616099c842ae83491d907ab0f5402c109ac1b5025a8|3152a5ed69a35a85a616099c8426e82491b9076b0ed401410ba4135025a8|3152a5ed69a35a81a616099c842ae8349199072b0ed400c109a41b5125a8|3152a5ed69a35a81a616099c8426e82491c9077b0ed401410bac37512da0|3152a5ed69a35a85a616099c8426e82491c9077b0ed401410bac37502da0
assets/videos/training,c:\Users\karim\Desktop\Swichy\assets\videos\training\Screen Recording 2026-08-14 011022.mp4,Screen Recording 2026-08-14 011022.mp4,6857957,6.858,True,30.0,184,6.133,1920,1080,1920x1080,1.778,h264,None,,screen_recording,False,False,False,False,,S1,video8_shot10_jump.mp4,0.4489,3152a5ed69a35a85a616099c8426e82491c907730ed401410bac37512da0|3152a5ed69a35a85a616099c8426e82491e9077b0ed401410bac175125a0|3152a5ed69a35a81a616099c842ee83491c907bb0f5402c109ac1b5125a8|3152a5ed69a35a81a616099c842ae83491d907bb0f5402c109ac1b5125a8|3152a5ed69a35a81a616099c8c26e82c91a9077b0ed401410bac135125a8|3152a5ed69a35a81a616099c8426e81c91a107eb0f5403010bac1b5125a8|3152a5ed69a35a81a616099c8426e81c91a507eb0f5403410bac1b5125a8|3152a5ed69a35a81a616099c8426e81c91a507eb0f5403410bac1b5125a8
assets/videos/training,c:\Users\karim\Desktop\Swichy\assets\videos\training\Screen Recording 2026-08-14 011040.mp4,Screen Recording 2026-08-14 011040.mp4,7402532,7.403,True,30.0,194,6.467,1920,1080,1920x1080,1.778,h264,None,,screen_recording,False,False,False,False,,S1,video8_shot10_jump.mp4,0.3756,3152a5ed69a35a81a616099c8426e81c91a507eb0f5403410bac1b5125a8|3152a5ed69a35a81a616099c8426e81c91a507eb0f5403410bac1b5125a8|3152a5ed69a35a81a616099c8426e814919907bb0f5402c10bac3b5125a0|3152a5ed69a35a81a616099c8426e814919907bb0f5402c109ac1b5125a0|3152a5ed69a35a81a616099c8c26e82491b907ab0f5402c109ac135125a8|3152a5ed69a35a81a616099c8426e86c91a906630dd403410bac03512da8|3152a5ed69a35a81a616099c8426e81c91a507eb0f5403410bac1b5125a8|3152a5ed69a35a81a616099c8c26e81c91a507eb0f5403410bac1b5025a8
assets/videos/training,c:\Users\karim\Desktop\Swichy\assets\videos\training\Screen Recording 2026-08-14 011059.mp4,Screen Recording 2026-08-14 011059.mp4,7891230,7.891,True,30.0,210,7.0,1920,1080,1920x1080,1.778,h264,None,,screen_recording,False,False,False,False,,S1,video8_shot10_jump.mp4,0.3946,3152a5ed69a35a81a616099c8426e81c91a507eb0f5403410bac1b5025a8|3152a5ed69a35a81a616099c8c26e81c91a507eb0f5403410bac1b5025a8|3152a5ed69e35a81a616099c8c26e81091d907bb0f5403c10bac1b5025a8|3152a5ed69e35a81a616099c8c26e83491f9073b0e5400c109ac1b5025a8|3152a5ed69a35a81a616099c8c26e8349199072b0f5406c109ac1b5025a8|3152a5cd69a35a81a616099c8426e82c91a9076b0ed401410bac335025a8|3152a5ed69a35a81a616099c8426e81481a507eb0f5403010bac1b5025a8|3152a5ed69a35a81a616099c8c26e81481a507eb0f5403210bac1b5025a0
assets/videos/training,c:\Users\karim\Desktop\Swichy\assets\videos\training\Screen Recording 2026-08-14 011122.mp4,Screen Recording 2026-08-14 011122.mp4,7974477,7.974,True,30.0,212,7.067,1920,1080,1920x1080,1.778,h264,None,,screen_recording,False,False,False,False,,S1,Screen Recording 2026-08-14 011040.mp4,0.3689,3152a5ed69a35a81a616099c8426e81481a507eb0f5403210bac1b5125a0|3152a5ed69a35a81a616099c8c26e81c81a507eb0f5403210bac1b5125a0|3152a5e969a35a81a616099c8424e81881a907bb0f7403410bac1b5125a0|3152a5ed69a35281a616099c8426e814819907bb0f5402c109ac1b5125a8|3152a5ed69a35a81a616099c8426e810819907bb0f5406c109ac1b5125a8|3152a5ed69a35a81a616099c8426e82c91b9076b0ed405410bac135125a0|3156a5cd69e35a81a616099c8424e81c91ad07eb0f5407410bac1b5125a0|3156a5ed69e35a81a616099c8424e81c91ad07eb0f5407410bac1b5125a0
assets/videos/training,c:\Users\karim\Desktop\Swichy\assets\videos\training\Screen Recording 2026-08-14 011917.mp4,Screen Recording 2026-08-14 011917.mp4,8404160,8.404,True,30.0,218,7.267,1920,1080,1920x1080,1.778,h264,None,,screen_recording,False,False,False,False,,S1,video8_shot10_jump.mp4,0.3532,3156a5ed69e35a81a616099c8424e81c91ad07eb0f5407410bac1b5025a0|3156a5ed69e35a81a616099c8424e81891a907bb0ff403410bac1b5125a0|315225ed69a35a81a616099c8426e83491d9073b0f5404c109ac1b5125a0|3152a5ed69a35a81a616099c8426e834919907ab0f5406c109ac1b5125a8|3152a5ed69a35a81a616099c8426e82481a9076b0ed405410bac335125a8|315625ed69a35a81a616099c8416e8cc908905eb09d4034107a41f512da0|315225e969a35a81a616099c8426e85891a906ab0d5407410bac0b5035a0|3152a5e969a35a81a616099c8426e86c8189066b0dd401410bac27502da8
assets/videos/training,c:\Users\karim\Desktop\Swichy\assets\videos\training\Screen Recording 2026-08-14 011935.mp4,Screen Recording 2026-08-14 011935.mp4,6561531,6.562,True,30.0,167,5.567,1920,1080,1920x1080,1.778,h264,None,,screen_recording,False,False,False,False,,S1,Screen Recording 2026-08-14 012014.mp4,0.3134,3152a5e969a35a81a616099c8426e86c8189066b0dd401410bac27502da8|3152a5e969a35a81a616099c8426e8288189066b0cd401410bac275125a8|315225e969a35a81a6160994842ce82c91a907730ed401410bac335125a0|315225e969a35a81a616099c8424e82c91a9076b0ed401410bac335125a0|315225e969e35a81a616099c842ee84c9169066b0dd403410bac2b512da0|315225ed69a35a81a616099c8426e8c891a904eb095407410bac1b5025a8|315225ed69a35a81a616099c8426e84891c906fb0d54034107ac0b503da0|315225ed69a35a81a616099c8426e86891c9067b0dd403410bac235025a0
assets/videos/training,c:\Users\karim\Desktop\Swichy\assets\videos\training\Screen Recording 2026-08-14 011954.mp4,Screen Recording 2026-08-14 011954.mp4,6749056,6.749,True,30.0,176,5.867,1920,1080,1920x1080,1.778,h264,None,,screen_recording,False,False,False,False,,S1,video8_shot10_jump.mp4,0.3505,315225ed69a35a85a616099c8426e86891c9067b0dd403410bac235125a8|315225ed69a35a81a616099c8426e86891c9067b0dd403410bac235125a0|315225ed69a35a85a616099c8426e82091e9077b0ed405c10bac135125a0|315225ed69a35a81a616099c8c26e834919907bb0f5406c109ac3b5125a8|315225ed69a35a81a616099c8c26e8249199077b0e5405c10bac135125a8|315225ed69a35a81a616099c8c26e8dc91b904fb095407410bac1b5125a0|315225ed69a35a81a616099c8c26e86c91b906fb0dd4034107ac0f511da8|315225ed69a35a81a616099c8c26e86c91b906fb0dd4034107ac0f511da8
assets/videos/training,c:\Users\karim\Desktop\Swichy\assets\videos\training\Screen Recording 2026-08-14 012014.mp4,Screen Recording 2026-08-14 012014.mp4,6546672,6.547,True,30.0,171,5.7,1920,1080,1920x1080,1.778,h264,None,,screen_recording,False,False,False,False,,S1,Screen Recording 2026-08-14 011935.mp4,0.3134,315225ed69a35a81a61609948c2ee82c91b9077b0ed401410bac335125a8|315225ed69a35a81a61609948c2ee82c91b9077b0ed401410bac335125a8|315225ed69a35a81a61609948c2ee82c91b9077b0ed401410bac335125a8|3152a5ed69a35a81a616099c8c26e82491a9077b0ed401410bac335125a8|315225ed69a35a81a616099c8c2ee84c916906f30dd403410bac2b5115a0|315225ed69a35a81a616099c8c26e89c812905fb0f540f411bac3b5125a8|315225ed69a35a81a616099c8c26e8dc81b904eb095407410bac0b5125a8|315225ed69a35a81a616099c8c26e8dc81b904fb095407410bac0b5035a8
assets/videos/training,c:\Users\karim\Desktop\Swichy\assets\videos\training\Screen Recording 2026-08-14 012033.mp4,Screen Recording 2026-08-14 012033.mp4,7054283,7.054,True,30.0,191,6.367,1920,1080,1920x1080,1.778,h264,None,,screen_recording,False,False,False,False,,S1,Screen Recording 2026-08-14 020348.mp4,0.252,315225ed69a35a81a616099c8c26e8dc81b904eb095407410bac0b5125a8|315225ed69a35a81a616099c8c26e8dc81b904eb095407410bac0b5125a8|315225ed69a35a81a616099c8c26e86c81b9066b0cd401410bac275125a8|315225ed69a35a81a61609948c2ee82c81a9076b0ed401410bac335125a8|315225ed69a35a81a616099c8c26e8488129067b0dd403410bac2b512da8|315225e969a35a81a616099c8426e858916906fb0dd4034107ac2b5135a0|315225e969a35a81a616099c8126ea0891a907fb0f5407410bac1b5125a0|315225e969a35a81a616099c8926ea0891a907fb0fd407410bac1b5125a0
assets/videos/training,c:\Users\karim\Desktop\Swichy\assets\videos\training\Screen Recording 2026-08-14 012053.mp4,Screen Recording 2026-08-14 012053.mp4,6791218,6.791,True,30.0,177,5.9,1920,1080,1920x1080,1.778,h264,None,,screen_recording,False,False,False,False,,S1,Screen Recording 2026-08-14 005827.mp4,0.2866,315225e969a35a81a616099c8426e8d481e904fb0bd407410bac0b5025a0|315225e969a35a81a616099c8426e8d481e904fb0bd407410bac0b5125a8|315225e969a35a81a616099c8426e844818906fb0dd4034107ac0b5125a8|315225e969a35a81a6160994842ee86c81a9077b0ed401410bac37512da0|315225e969a35a81a616099c8c26e86c81a9067b0dd401410bac0b512da0|315225e969a35281a616099c8426e84c916906fb0dd4034107ac2b5135a8|315225ed69a35a81a616099c8426e84891a906fb0dd4034107ac0b5125a8|315225ed69a35a81a616099c8426e84891a906fb0dd4034107ac0b5125a8
assets/videos/training,c:\Users\karim\Desktop\Swichy\assets\videos\training\Screen Recording 2026-08-14 012526.mp4,Screen Recording 2026-08-14 012526.mp4,6537370,6.537,True,30.0,170,5.667,1920,1080,1920x1080,1.778,h264,None,,screen_recording,False,False,False,False,,S1,Screen Recording 2026-08-14 004215.mp4,0.1963,315225c969a35a81a616099c8c26e81481b907eb0fd407210b6c1b5125a0|315225c969a35a81a616099c8c26e81481b907eb0fd407210b6c3b5125a0|315225c969a35a81a616099c8c26e81481b507eb0fd407210b6c3b5125a0|315625e969a35281a616099c8424e81c81a507eb0fd407210b6c1b5125a0|315225e969a35a81a616099c8c26e81c81a507eb0fd407210b6c1b5025a0|3152a5ed69a35a81a616099c8c26e85c81b507eb0fd407210b641b5025a8|3152a5ed69a35a81a616099c8c26e85c81b507eb0fd407210b641b5025a8|315225ed69a35a81a616099c8c26e85c81b507eb0fd407210b641b5125a8
assets/videos/training,c:\Users\karim\Desktop\Swichy\assets\videos\training\Screen Recording 2026-08-14 012651.mp4,Screen Recording 2026-08-14 012651.mp4,6123468,6.123,True,30.0,159,5.3,1920,1080,1920x1080,1.778,h264,None,,screen_recording,False,False,False,False,,S1,Screen Recording 2026-08-14 005724.mp4,0.2371,315225e969a35a81a616099c8c26e81a81a907f30fd407410bac1b5125a0|315225e969a35a81a616099c8c26e81a81a907f30fd407410bac1b5125a8|315225e969a35a81a616099c8426681a81a907f30fc407410bac1b5125a8|315225e969a35a81a616099c8424681a81a907fb0fd407410bac1b5125a0|315225e969a35a81a616099c8424681a81a907f30fd407410bac3b5125a0|315225c969a35a81a616099c8c26e81481b507eb0fd407210b6c3b5125a0|315225c969a35a81a616099c8c26e81481b507eb0fd407210b6c3b5125a0|315225c969a35a81a616099c8c26e81481b507eb0fd407210b6c1b5025a8
assets/videos/training,c:\Users\karim\Desktop\Swichy\assets\videos\training\Screen Recording 2026-08-14 013549.mp4,Screen Recording 2026-08-14 013549.mp4,7777288,7.777,True,30.0,202,6.733,1920,1080,1920x1080,1.778,h264,None,,screen_recording,False,False,False,False,,S1,Screen Recording 2026-08-14 013643.mp4,0.2902,b98935312ce56952d4d3a666d85e04ba69d6839907720ad584a62b285698|b98935312ce56952d4d3a666d85e04ba69f6839907320ad585a62b285698|b98935312ce56952d4d3a666d85e04be69f6839907320ad485a62b285698|b98935312ce56952d4d3a666d85e04ba69d683d907320ad484a62b285698|b98935312ce56952d4d3a666d85e04ba69de83d907b20ad584a62b285698|b98935312ce56952d4d3a666d95e04ba69de83d907b20ad584a62b285698|998935312ce56952d4d3a666d85e04ba69f6839907720ad585a62b2856d8|998935312ce56952d4d3a666d85e04ba69f6839907720ad585a62b285698
assets/videos/training,c:\Users\karim\Desktop\Swichy\assets\videos\training\Screen Recording 2026-08-14 013608.mp4,Screen Recording 2026-08-14 013608.mp4,9696485,9.696,True,30.0,253,8.433,1920,1080,1920x1080,1.778,h264,None,,screen_recording,False,False,False,False,,S1,Screen Recording 2026-08-14 013717.mp4,0.3194,b98935312ce56952d4d3a666d85e04ba69f6839907720ad585a62b285698|998935312ce56952d4d3a666d85e04ba69f6839907720a9595a62b2856d8|998935312ce56952d4d3a666d85e04ba69f6839907720a9495a62b2856d8|998935312ce56952d4d3a666d85e04ba69f6839907320ad495a62b285698|b98935312ce56952d4d3a666d85e04be69f6839907320ad585a62b285698|b98935312ce56952d4d3a666d85e04ba69de83d907320ad484a62b285698|b9893531ace56952d4d3a666d85e04ba6bd683d907720ad584a62b285698|998935312ce56952d4d3a266d85e04be69f6839907220ad485a62b2856d8
assets/videos/training,c:\Users\karim\Desktop\Swichy\assets\videos\training\Screen Recording 2026-08-14 013626.mp4,Screen Recording 2026-08-14 013626.mp4,8252752,8.253,True,30.0,217,7.233,1920,1080,1920x1080,1.778,h264,None,,screen_recording,False,False,False,False,,S1,Screen Recording 2026-08-14 013804.mp4,0.2323,b98935312ce56952d4d3a266d85e04be69f6839907220ad485a62b285698|b98935312ce56952d4d3a266d85e04be69f6839907220ad485a62b285698|b98935312ce56952d4d3a666d85e04fe69f6839907220ad585a62b285698|b98935312ce56952d4d3a666d85e04be69f6839907220ad485a62b285698|b98935312ce56952d4d3a664d85e04ba69de83d907b20ad484a62b285698|b98935312cc56932d4d3a666d85e04ba69de82d907320ad484a62b285698|b98935312ce56952d4d3a666d85e04be69f6839907220ad495a62b285698|998935312ce56952d4d3a666d85e04be69f6839907220ad595a62b2856d8
assets/videos/training,c:\Users\karim\Desktop\Swichy\assets\videos\training\Screen Recording 2026-08-14 013643.mp4,Screen Recording 2026-08-14 013643.mp4,7665731,7.666,True,30.0,202,6.733,1920,1080,1920x1080,1.778,h264,None,,screen_recording,False,False,False,False,,S1,Screen Recording 2026-08-14 013717.mp4,0.4133,998935312ce56952d4d3a666d85e04be69f6839907220ad495a62b2856d8|b98935312ce56952d4d3a666d85e04be68f6839907220ad495a62b285698|b98935712ce56952d4d3a666d85e04be69f6839907220ad595a62b285698|b98935312ce56952d4d3a666d85e04be69f6829907220ad595a62b285698|b98935312ce56952d4d3a666d85e04ba69fe83d907720ad484a62b285698|b98935312ce56952d4d3a666d85e04ba69d6839907720ad584a62b285698|b98935312ce56952d4d3a666d85e04ba69f6839907620ad585a62b285698|998935312ce56952d4d3a666d85e04ba69f6839907620ad585a62b285698
assets/videos/training,c:\Users\karim\Desktop\Swichy\assets\videos\training\Screen Recording 2026-08-14 013702.mp4,Screen Recording 2026-08-14 013702.mp4,9165978,9.166,True,30.0,243,8.1,1920,1080,1920x1080,1.778,h264,None,,screen_recording,False,False,False,False,,S1,Screen Recording 2026-08-14 013608.mp4,0.2984,998935312ce56952d4d3a666d85e04ba69f6839907620ad585a62b2856d8|998935312ce56952d4d3a666d85e04ba69f6839907620ad585a62b2856d8|998935712ce56952d4d3a666d85e04be69f6839907220ad585a62b2856d8|b98935712ce56952d4d3a666d85e04be69f6839907220ad585a62b285698|b98935712ce56952d4d3a666d85e04ba69d683d907620ad584a62b285698|b98935712ce56952d4d3a266d85e04ba69d6839907620ad584a62b285698|b98935712ce56952d4d3a666d85e04be69f6839907320ad485a62b285698|998935712ce56952d4d3a666d85e04be69f6839907320ad485a62b285698
assets/videos/training,c:\Users\karim\Desktop\Swichy\assets\videos\training\Screen Recording 2026-08-14 013717.mp4,Screen Recording 2026-08-14 013717.mp4,6247879,6.248,True,30.0,155,5.167,1920,1080,1920x1080,1.778,h264,None,,screen_recording,False,False,False,False,,,Screen Recording 2026-08-14 013643.mp4,0.4133,b98935712ce56952d4d3a666d85e04fe69f6839907320ad485a62b285698|b98935712ce56952d4d3a666d85e04be69f6839907320ad485a62b285698|b98935712ce56952d4d3a666d85e04ba69f6839907320ad485a62b285698|b98935712ce56952d4d3a666d85e047a69de83d907620ad484a62b285698|b98935712ce56952d4d3a666d85e047a69d683d907620ad484a62b285698|b98935712ce56952d6d3a666d85c047a69d6839907720a9484a62b285698|b98935712ce56952d6d3a666d85e04ba69f6839907320ad485a62b285698|b98935712ce56952d6d3a666d85e04ba69f6839907320ad485a62b285698
assets/videos/training,c:\Users\karim\Desktop\Swichy\assets\videos\training\Screen Recording 2026-08-14 013734.mp4,Screen Recording 2026-08-14 013734.mp4,8519707,8.52,True,30.0,219,7.3,1920,1080,1920x1080,1.778,h264,None,,screen_recording,False,False,False,False,,S1,Screen Recording 2026-08-14 013749.mp4,0.4282,b98935712ce56952d4d3a666d85e04ba69f6839907320ad485a62b285698|b98935712ce56952d6d3a666d85e04ba69f6839907320ad485a62b285698|b9893571ace56952d6d3a666d85e04ba69f6839907320ad595a62b285698|b98935712ce56952d4d3a666d85e04ba69f6839907320ad485a62b285699|b98935712ce56952d6d3a664d85e04ba69de83d907320ad494a62b285699|b98935712ce56952d6d3a666d85e04ba69d683d907620ad484a62b285699|b98935312ce56952d4d3a666d85e04be69f6839907320ad485a62b285699|998935312ce56952d4d3a666d85e04be69f6839907320ad485a66b2c56d8
assets/videos/training,c:\Users\karim\Desktop\Swichy\assets\videos\training\Screen Recording 2026-08-14 013749.mp4,Screen Recording 2026-08-14 013749.mp4,6334899,6.335,True,30.0,157,5.233,1920,1080,1920x1080,1.778,h264,None,,screen_recording,False,False,False,False,,S1,Screen Recording 2026-08-14 013734.mp4,0.4282,b98935312ce56952d4d3a666d85e04be69f6839907320ad485a62b285699|b98935312ce56952d4d3a666d85e04be69f6839907320ad485a62b285699|b98935712ce56952d4d3a666d85e04be69f6839907320ad485a62b285699|b98935312ce56952d4d3a666d85e04ba69de83d907f20ad484a62b285699|b98935312ce56952d4d3a666d85e04ba69d683d907720ad484a62b285699|b98935712ce56952d4d3a666d95e04ba69f6839907720a9484a62b285699|b98935712ce56952d4d3a666d85e04be69f6839907320ad485a62b285699|998935312ce56952d4d3a666d85e04be69f6839907320ad485a66b285698
assets/videos/training,c:\Users\karim\Desktop\Swichy\assets\videos\training\Screen Recording 2026-08-14 013804.mp4,Screen Recording 2026-08-14 013804.mp4,7015897,7.016,True,30.0,181,6.033,1920,1080,1920x1080,1.778,h264,None,,screen_recording,False,False,False,False,,S1,Screen Recording 2026-08-14 013626.mp4,0.2323,b98935312ce56952d4d3a666d85e04be69f6839907320ad485a62b285699|b98935312ce56952d4d3a666d85e04fe69f6839907220ad485a62b285699|b98935712ce56952d4d3a666d85e04fe69f6839907220ad485a62b285699|b98935712ce56952d4d3a666d85e04fa69f6839907220ad485a62b285699|b98935712ce56952d4d3a266d85e04fa69fe83d907b20ad484a62b285699|b98935712ce56952d4d3a266d85e04fa69f683d907b20ad484a62b285699|b98935712ce56952d4d3a666d85e04ee699682f907d20b9496a62b285699|b98935712ce56952d4d3a666d85e04ee69d682f907d20b9494a66b285698
assets/videos/training,c:\Users\karim\Desktop\Swichy\assets\videos\training\Screen Recording 2026-08-14 013820.mp4,Screen Recording 2026-08-14 013820.mp4,7091383,7.091,True,30.0,186,6.2,1920,1080,1920x1080,1.778,h264,None,,screen_recording,False,False,False,False,D7_mikedunn,S1,Mikedunn3ptshooting3.mp4,0.3691,998935712ce56952d4d3a666d85e04ee69d682f907d20b9494a66b285698|b98935712ce56952d4d3a666d85e04ee69d682f907d20b9494a62b285699|b98935712ce56952d4d3a666d85e04ee69d6827907d20b9496a62b285699|b98935712ce56952d6d3a666d85e04ee69d682f907d20b9496a62b285699|b98935712ce56952d6d3a666d85e04ee69d682f905d20b9494a62b285699|b98935712ce56952d6d3a666d85e04ee69d6827905d20b9496a62b285699|b98935712ce56952d6d3a666d85e04ee69d6827906d20b9482a62f285699|b98935712ce56912d6d3a666d85e04ee69d6827906d20b9482a66f285698
assets/videos/training,c:\Users\karim\Desktop\Swichy\assets\videos\training\Screen Recording 2026-08-14 013910.mp4,Screen Recording 2026-08-14 013910.mp4,4030608,4.031,True,30.0,120,4.0,1920,1080,1920x1080,1.778,h264,None,,screen_recording,False,False,False,False,,S2,Screen Recording 2026-08-14 013929.mp4,0.2522,02c007800f001e003c005800b0036003400ec0158013002e00dc2c381850|03c007800f001e003c00780030036002c00ec0158017003600dc2db81ad0|03c003800f001e003c0078007002e002c00ec015802f006e006c2cd81b50|03c007800f001e003c0078007000e002c00cc00d801f006e00cc2cf81990|03c007800f001e003c0078007002e006c00cc019801f0076006c2cb819d0|01c007800f001e003c007800b0036006400ec01b801b0016006c2c7819d0|01c007800f001e003c007800b0016003400cc019801b001e003c2c381950|01c007800f001e003c007800b0016002400cc019801b001e003c2c381950
assets/videos/training,c:\Users\karim\Desktop\Swichy\assets\videos\training\Screen Recording 2026-08-14 013929.mp4,Screen Recording 2026-08-14 013929.mp4,8033450,8.033,True,30.0,222,7.4,1920,1080,1920x1080,1.778,h264,None,,screen_recording,False,False,False,False,,S2,Screen Recording 2026-08-14 013910.mp4,0.2522,01c007800f001e003c007800b0016002400cc019801b001e003c2c381950|00c001800b0016002c0058009001a0034006c01d802f005e001c2c3819f0|00c001800b0016002c0018009001e0034005c019801b001e007c2cf81930|03c007800f001e003c0078007002e002c00cc019800f006e00cc2cb81990|03c007800f001e003c0078007000e003c00cc00d801b006e005c2dd81b50|03c003800f001e003c00780030026006c00cc01b801f0036006c2cf819d0|00c00180130016002c0058009001e0054006c01d802f005e009c2d781870|04c00880110016002c005800b001e005c006c01d802f005e009c2d781a70
assets/videos/training,c:\Users\karim\Desktop\Swichy\assets\videos\training\Screen Recording 2026-08-14 014019.mp4,Screen Recording 2026-08-14 014019.mp4,7261959,7.262,True,30.0,189,6.3,1920,1080,1920x1080,1.778,h264,None,,screen_recording,False,False,False,False,,S3,Screen Recording 2026-08-14 005724.mp4,0.1292,d39db663ce41cc83465f8d16d91c9c91156217c307068e1a1a2abc5844a4|d39db663ce41cc93464f8d14999d9c91156217c307048e129a2abc5844a4|d39da4e3ea41ccb3864f8d14b9dd9c93536537c34f0c0e129a2aa44a4084|d39fa4e3ca41ccb3825f8d14b9dd1c91516137c64f1c8e329a2ab44a5004|d39de4e3ca01cc83864a9d15b9999cd150e63786470c8e1a9a1ab06a4044|b73f6cc3dc81dda386ca9915b3b9acb31863b686c50486329a16b80a5044|a73dccd3940399268aff1b6d23b13d2220c64a861588a825181338117050|a73dc8d3940399268aff1b6d21b13d2220c64a861588a825181338107050
assets/videos/training,c:\Users\karim\Desktop\Swichy\assets\videos\training\Screen Recording 2026-08-14 014036.mp4,Screen Recording 2026-08-14 014036.mp4,6576006,6.576,True,30.0,166,5.533,1920,1080,1920x1080,1.778,h264,None,,screen_recording,False,False,False,False,D4_kd_corner1,S3,Kevindurantrightcournor3ptshooting1.mp4,0.7343,a73dc8d3940399268aff1b6d21b13d2220c64a861588a825181338117050|a73dccd39803992708bf1b6b63f13d22a4c64a869d88a825181338116050|c67991e3280f321d15fe349a63e25b6543ce970cab1adc491007302160b4|9c7d33e2521e642a29dc6134c7c4b688871d2a1a7432a8d6113720244120|9cf922e2501e646c299c6d2cc7c4b6888d193a1c7436e884103420444009|9cf92362501e646c299c692cc7c4b68acd19ba197424e81c015420444029|9cf923e2501e646c2b9c6d2cc7c4b689cd18ba397420e8d4014420444029|9cf92362521e64682b9c692cc7c4b6998518ba197470e854114420446029
assets/videos/training,c:\Users\karim\Desktop\Swichy\assets\videos\training\Screen Recording 2026-08-14 020257.mp4,Screen Recording 2026-08-14 020257.mp4,4956101,4.956,True,30.0,136,4.533,1920,1080,1920x1080,1.778,h264,None,,screen_recording,False,False,False,False,,S1,Screen Recording 2026-08-14 005503.mp4,0.272,3152a5ed69a35a81a616099c8426e85c91b907eb0fd407210b6c1b5125a8|3152a5ed69a35a81a616099c8426e85491b907eb0fd407210b6c1b5125a8|315225ed69a35a81a616099c8424e85491b507eb0fd407210b6c1b5125a8|3152a5ed69a35a81a616099c8426e85491b507eb0fd407210b6c1b5125a8|3152a5ed69a35a81a616099c8426e85491b507eb0fd407210b6c1b5125a8|315225e969a35a81a616099c8426e85c91b907eb0fd407210b6c1b5125a8|3152a5e969a35a81a616099c8c26e85c91b907eb0fd407210b6c1b5125a8|3152a5e969a35a81a616099c8c26e85c81b907eb0fd407210b6c1b5125a8
assets/videos/training,c:\Users\karim\Desktop\Swichy\assets\videos\training\Screen Recording 2026-08-14 020313.mp4,Screen Recording 2026-08-14 020313.mp4,6846940,6.847,True,30.0,187,6.233,1920,1080,1920x1080,1.778,h264,None,,screen_recording,False,False,False,False,,S1,video8_shot07_set.mp4,0.423,3152a5e969a35a81a616099c8c26e85c81b907eb0fd407210b6c1b5025a8|3152a5e969a35a81a616099c8c26e85c81b907eb0fd407210b6c1b5125a8|3152a5e969a35a81a616099c8c26e81c81b507eb0fd407210b6c1b5125a8|3152a5e969a35a81a616099c8426e81c81b507eb0fd407210b6c1b5125a8|315225ed69a35a81a616099c8426e81c91b507eb0fd407210b6c1b5125a8|315225e969a35a81a616099c8424685a81bb07f30f4c05510bac135125a0|315225e969a35a81a616099c8424e85881ad07db0f5405410bac135025a0|315225e969a35a81a616099c8424e85881a907db0f5405410bac135025a0
assets/videos/training,c:\Users\karim\Desktop\Swichy\assets\videos\training\Screen Recording 2026-08-14 020332.mp4,Screen Recording 2026-08-14 020332.mp4,8274695,8.275,True,30.0,222,7.4,1920,1080,1920x1080,1.778,h264,None,,screen_recording,False,False,False,False,,S1,Screen Recording 2026-08-14 020348.mp4,0.3748,315225e969a35a81a616099c8424e85881a907db0f5405410bac135125a0|315225e969a35a81a616099c8424e85881a907db0fd405410bac135125a0|315225ed69a35a81a612099c8426e87081b9076b0ed405c109ac135125a0|315225e969a35a81a612099c842ee82881b9076b0ed405410bac135125a8|315225e969a35a81a616099c8426e84c916906fb0dd4034107ac2b5125a0|315225e969a35a81a616099c8426e8d4816904fb0bd4034107ac0b5125a0|315225e969a35a81a612099c8424e81c81a507db0f5407a10bac135125a0|315225e969a35a81a612099c8424e818818907bb0f7407410aac135125a0
assets/videos/training,c:\Users\karim\Desktop\Swichy\assets\videos\training\Screen Recording 2026-08-14 020348.mp4,Screen Recording 2026-08-14 020348.mp4,5940958,5.941,True,30.0,150,5.0,1920,1080,1920x1080,1.778,h264,None,,screen_recording,False,False,False,False,,S1,Screen Recording 2026-08-14 020332.mp4,0.3748,315225e969e35a81a612099c8424e818818907bb0f7407410aac135125a0|315225e969a35a81a612099c8424e818818907bb0f7407410aac135125a0|315225e969a35a81a612099c8426e814819907bb0f5406c10bac135025a8|315225ed69a35a81a612099c8426e82481c907630ed405410bac335125a0|315225ed69a35a81a6120994842ee82c81a9076b0ed405410bac375125a0|315225ed69a35a81a612099c8426e84891a9067b0dd403410bac2b511da0|315225ed69a35a85a616099c8c26e848916906bb0dd4034107ac2b5135a0|315225e969a35a81a616099c8426e81e81bb07e70fd405510ba41b5125a0
assets/videos/training,c:\Users\karim\Desktop\Swichy\assets\videos\training\Screen Recording 2026-08-14 021059.mp4,Screen Recording 2026-08-14 021059.mp4,6174246,6.174,True,30.0,173,5.767,1920,1080,1920x1080,1.778,h264,None,,screen_recording,False,False,False,False,,S1,Screen Recording 2026-08-14 020348.mp4,0.327,315225e969e35a81a616099c8426e8588199079b0f7404410bac135035a0|315225e969e35a81a616099c8424e8588199079b0f7404410bac135035a0|315225e969e35a81a616099c842ee87081b9076b0ed405c109ac135035a0|315225e969e35a85a6130994842ee82c81a9077b0fd405410bac375025a0|315224e969e35a81a612099c8c26e84c81a9066b0cd401410bac2b512da0|315225e969e35a81a616099c8426e8dc80e905ab0b5407410bac1b5125a0|315225e969e35a81a616099c8426e85c81b507af0f5405210bac135125a0|315225e969e35a81a616099c8426e85c81b507af0f5405210bac135125a0
assets/videos/training,c:\Users\karim\Desktop\Swichy\assets\videos\training\Screen Recording 2026-08-14 023859.mp4,Screen Recording 2026-08-14 023859.mp4,4887930,4.888,True,30.0,126,4.2,1920,1080,1920x1080,1.778,h264,None,,screen_recording,False,False,False,False,D5_kd_wing_miss,S3,Kevindurantrightwing3ptshooting2miss.mp4,0.6636,bb727ee07dc05de9387ae9f65bf59588b394329865304b613ce17bc16700|bf733ea17d403de9387b69f55bfc95883394329865304a611fe179c16b00|7f73bee17d403de93a7b69f0dbf61588339a72ac65184a211ee17dc16a80|bb737ee17d403de93afb69f57bf39589331672fa65544be91f907f603ca1|bb737ea37d403de93afb69f153f39789210652f4a5c8cbe11fe27f8a3c55|bb7776c57d4039e978fef1b153639589210e706c75982bc257c46f80be01|bb7776a57d4039e978fef1b153639589210e706475982bc257c46f80be01|fe5776a57d4039e978fef1b15363958b210e706475982bc257c47f80ff01
assets/videos/training,c:\Users\karim\Desktop\Swichy\assets\videos\training\Screen Recording 2026-08-14 023934.mp4,Screen Recording 2026-08-14 023934.mp4,2884903,2.885,True,30.0,107,3.567,1920,1080,1920x1080,1.778,h264,None,,screen_recording,False,False,False,False,,,Screen Recording 2026-08-14 023959.mp4,0.1578,06c00d800b0012000c002800d001a0034002c005800f0036043c0c782970|06c00d800b0002001c0028005000a0034002c00d801f0036047c0c782870|06c00d800b0012000c002800d001a0034002c005800f0036047c0c782970|06c00d800b0012000c002800d001a007c002c005801f0036043c0c782970|06c00d800b0012000c002800d001a0034006c00d801f0036047c0cb82970|06c00d800b0012000c002800d001a0034006c00d801f0036047c0cb82970|06c00d800b0012000c002800d001a0034006c00d801f003e047c0cb82970|06c00d800b0012000c002800d001a0034006c00d801f003e047c0cb82970
assets/videos/training,c:\Users\karim\Desktop\Swichy\assets\videos\training\Screen Recording 2026-08-14 023959.mp4,Screen Recording 2026-08-14 023959.mp4,5370747,5.371,True,30.0,174,5.8,1920,1080,1920x1080,1.778,h264,None,,screen_recording,False,False,False,False,,,Screen Recording 2026-08-14 023934.mp4,0.1578,06c00d800b0012000c002800d001a0034002c015800f0016043c0c7829f0|06c00d800b0012000c002800d001a0034002c015800f0016043c0c7829f0|06c00d800b0012000c002800d001a0034002c017800f0016047c0c782970|06c009800b0012000c002800d001a0034002c005800f0036047c0c782870|06c00d800b0012000c002800d001a0034002c015800f0036047c0c782870|06c00d800b0012000c002800d000a0034002c015800f0036047c0c782870|06c00d800b0012000c002800d001a0034002c015800f0016047c0c782870|06c00d800b0012000c002800d001a0034002c005800f0036047c0c7828f0
assets/videos/training,c:\Users\karim\Desktop\Swichy\assets\videos\training\Screen Recording 2026-08-14 024100.mp4,Screen Recording 2026-08-14 024100.mp4,7191627,7.192,True,30.0,208,6.933,1920,1080,1920x1080,1.778,h264,None,,screen_recording,False,False,False,False,,S2,Screen Recording 2026-08-14 013929.mp4,0.0962,03c003800f001e003c0078007002e007400ec017802f006600ac29d81b70|03c003800f001e003c0078007002e007400ec017802f006600ac29d81b70|03c007800f001e003c0078007002e005c00ac015802b005e00dc29981b30|03c007800f001e003c0078007000a005c00ac01780330056006c28981930|03c003800f001e003c0078007000a005c00ac01780370056006c28d819b0|03c007800f001e003c0078007002e007c00ec015802f0056002c28581bb0|03c007800f001e003c0078007002e005c00ac015802f005600ac29f81b70|03c007800f001e003c0078007002e005c00ac015802f005600ec29d81b70
assets/videos/training,c:\Users\karim\Desktop\Swichy\assets\videos\training\Screen Recording 2026-08-14 024248.mp4,Screen Recording 2026-08-14 024248.mp4,7151390,7.151,True,30.0,222,7.4,1920,1080,1920x1080,1.778,h264,None,,screen_recording,False,False,False,False,D6_couch_corner,S2,Couchrightcornershooting1.mp4,0.6504,034001800300260024005800b0016002c004c009800b001e003c283829f0|034001800300260024005800b0016002c004c009800b001e003c283829f0|034001800300260024005800b0016000c004c009800b001e003c28f829f0|03400580030026002c005800b0016002c000c005800b001e003c28f828f0|00c00280130026004c005800f000a004c001c00f801b003e007c28f829f0|00c00280130026004c005800f000a0014003c0038007000e007c28f829f0|00c00280130026004c005800d001a000c001c0038007000e003c28d829b0|00c00280130026004c005800d000a000c001c0038007000e003c28d829b0
assets/videos/training,c:\Users\karim\Desktop\Swichy\assets\videos\training\Screen Recording 2026-08-14 024308.mp4,Screen Recording 2026-08-14 024308.mp4,3996521,3.997,True,30.0,137,4.567,1920,1080,1920x1080,1.778,h264,None,,screen_recording,False,False,False,False,D8_couchshooting1,S2,Screen Recording 2026-08-14 024248.mp4,0.1684,00c00280130026004c005800f0012002c003c007800f001e007c28d829f0|00c00280130026004c005800f001a0024001c007800f000e007c28d829f0|00c00280130026004c005800d001a0004001c0038007000e007c28d829f0|00c00280130026004c005800f000a0014001c0038003000e006c28d829b0|00c00280130026004c005800f00120024001c0038007000e007c28d829b0|00c00280130026004c005800f000a002c004c0038007000e001c28d829b0|00c00280130026004c005800f0012000c001c007801f000e001c28d829b0|00c00280130026004c005800f0012000c001c007801f000e001c28d829b0
assets/videos/curry_nba_free_throw_set_Shot,C:\Users\karim\Desktop\Swichy\assets\videos\curry_nba_free_throw_set_Shot\1.mp4,1.mp4,1561485,1.561,True,29.97,85,2.836,854,480,854x480,1.779,,set_shot,free_throw,Stephcurry,False,False,False,False,,,,,fe0a3c77c14f9438|fe023877c14f943e|fe022977c14f963c|de022d75c14f963c|de022c75d14f863d|d6003c75c14fc67c|c7003c77d14d867c|ff003877d14dd66c|ff0028f7c149d67f|f7082cf5c14bd37c|f7002c75c14bd37d|f7003e75c147d62e|f7003e75c147d62e|f7003e75c347c62e|e7082ef5c247d62e|e7082e75c247d62e|e7083ef5c046d67c|e70a3e75c047923e|e10a3e65c047d22f|e10a3e65c047923f|e10a3e65c047923f|e10a3e65c447923d|e10a3a65c643923f|c11a2e65c043d63d
assets/videos/curry_nba_free_throw_set_Shot,C:\Users\karim\Desktop\Swichy\assets\videos\curry_nba_free_throw_set_Shot\2-new.mp4,2-new.mp4,2433607,2.434,True,29.97,138,4.605,854,480,854x480,1.779,,set_shot,free_throw,Stephcurry,False,False,False,False,,,,,ae557b68914a8669|ae557b6893c28669|ae557a6893c29669|aa55784a93c39669|aa55784a914a966d|aa55792a914a866d|aa55794a93ca964c|a25d794a83ca964c|a25d7948834a966c|a2557948934a966c|a25d7848934a966c|a25d7808934a966d|a25d7808934a966d|aa5d7808934e9669|aa557948934a866d|aa55794a834a966c|aa557928830e966d|aa557908934a966d|aa5d7908924a966d|aa5d7808934a966d|aa5d792883ca926d|aa5d7948834a926d|aa5d7968904a966c|aa557a68824a966d
assets/videos/curry_nba_free_throw_set_Shot,C:\Users\karim\Desktop\Swichy\assets\videos\curry_nba_free_throw_set_Shot\3_new.mp4,3_new.mp4,1610134,1.61,True,29.97,79,2.636,854,480,854x480,1.779,,set_shot,free_throw,Stephcurry,False,False,False,False,,,,,0000000000000000|0000000000000000|0000000000000000|0000000000000000|dc2b2dc6c62b5462|dc2bafc6c42b5462|dd2bafc2c62b1562|dd2bafc2c62b146a|dd2badc2c62b147a|dd2badc2de23146a|dd2badc2de23146a|dd2badc25a2b146a|df23adc6de29146a|d73badc05e29146a|d73badc0de29146a|d73badc25a29146a|d72badc25a29156a|d52badc2da29156a|d52badc2da29156a|d52bafc0da29156a|d52bafc0da29156a|d52bafc0ce29156a|d52bafc0ce29156a|d52bafc0ca29156b
assets/videos/curry_nba_free_throw_set_Shot,C:\Users\karim\Desktop\Swichy\assets\videos\curry_nba_free_throw_set_Shot\4.mp4,4.mp4,2000616,2.001,True,29.97,107,3.57,854,480,854x480,1.779,,set_shot,free_throw,Stephcurry,False,False,False,False,,,,,815b7ec007691066|815b7ec00669106e|815b7bc00669106e|815b7bc00669106e|815b7ac0066b106e|814b7ac0076b106e|894b7b80076b106e|814b7b80076b106e|854b7b80076b106e|854b7ac0066f106e|814b7ac0036f046e|854b7ac0136f846a|854b7ac0136f846a|854b7ac0136f846a|854b7ac0136f846a|854b7ac0136f846a|854f7ac0036f806e|854b7ac1176f802a|854b7ac1176f802a|814f7a81176f802a|814b7a80167f806e|a14b7a81126f846e|854b7b81166f802b|854b7a81176b002f
assets/videos/curry_nba_free_throw_set_Shot,C:\Users\karim\Desktop\Swichy\assets\videos\curry_nba_free_throw_set_Shot\5.mp4,5.mp4,1900341,1.9,True,29.97,104,3.47,854,480,854x480,1.779,,set_shot,free_throw,Stephcurry,False,False,False,False,,,,,b4437e3d90462c62|b44b7e3c90462c62|b44b7e2d90462c62|b40b7e3d90462c62|b4437e3d90462c62|b4437e3d90462c62|b4437e3d90462c62|b4437e3d90462c62|b6437e3d90462c62|b64b7e2d90462c43|a4437e2d90462d43|a0437e3d90462d42|a4477e3d91422c41|a2477e2d90422d43|a2477e3d90422d42|a2477e3d90422d42|a0477e3d90422d42|b0477e2d94422d42|b0477e3d90422c46|a1477e3d90422d42|a1477e3994422d42|b9477e2994422d62|a1477e2994422d62|b1477e2994422d52
assets/videos/curry_nba_free_throw_set_Shot,C:\Users\karim\Desktop\Swichy\assets\videos\curry_nba_free_throw_set_Shot\6.mp4,6.mp4,2582171,2.582,True,29.97,146,4.872,854,480,854x480,1.779,,set_shot,free_throw,Stephcurry,False,False,False,False,,,,,f00f2af5813a2d54|f00f28ed913a2d54|f80f287d913a2d50|f80f287dc31a2d50|f80f287d831a2d52|f80f29ed831a2d52|f00f297d831a2d50|f00f297d831a2d50|f80f29fd833a2950|f00f286d933a2d50|f00f29edc33aa948|f80b296dc33aa946|f80b296dc33a2d42|f90a29edc33aad46|f9082bedc33aad46|f9092bfcc33aad42|f80929fc913aad4e|fd0b29fc911a2d66|fc0b2b7c911a2d46|f80f2b6c911a2566|f80f2b7c911a2564|f00f296c931a2d64|f80f2b6c931a2d60|f80f2f6893122574
assets/videos/curry_nba_free_throw_set_Shot,C:\Users\karim\Desktop\Swichy\assets\videos\curry_nba_free_throw_set_Shot\7.mp4,7.mp4,2956522,2.957,True,29.97,169,5.639,854,480,854x480,1.779,,set_shot,free_throw,Stephcurry,False,False,False,False,,,,,f00f2afc917a2d40|f00f2afc817a2d30|f00f28fd813a2d54|f00f28ed933a2d50|f80f287d913a2d50|f80f28fd811a2f52|f80f28ed931a2d52|f00f287d831a2d52|f00f297d831a2d50|f80f297d831a2d50|f00f29edc31aa958|fc0f29edc31aa946|f80b296dc33a2d42|f90a29edc33a2d46|f9082bedc33aad46|f90929fcc33aad46|fd0b29fc913aad46|fc0b2b7c911a2d46|fc0f297c911a2d46|f80b2b74911aad66|f00f296c931a2d64|f80f2b68931a2d70|f80f2f6893122d64|f00f2b6993122d70
assets/videos/curry_nba_free_throw_set_Shot,C:\Users\karim\Desktop\Swichy\assets\videos\curry_nba_free_throw_set_Shot\8.mp4,8.mp4,2144113,2.144,True,29.97,101,3.37,854,480,854x480,1.779,,set_shot,free_throw,Stephcurry,False,False,False,False,,,,,994d662633748f90|996d66a621748fb0|9959668631748ff0|995966c62176c7b0|9979642624368ff0|995966266c748331|9f1d798dc574899c|9e5e52182c7c6134|f90f2f7893512944|f90f2f7881732944|f80f277893712944|f80b277893732944|f80f237897512b44|f80b2b7897712b40|f80f236997512b44|f80f236c97712944|f80f336d93712940|f90f206d93732943|ff0f306f93502d43|dd21255aff2138d8|de2b215adc8d31d5|dc2be14aded930c6|d42be14a8cdd33c6|dc2af14a8cf33346
assets/videos/curry_nba_free_throw_set_Shot,C:\Users\karim\Desktop\Swichy\assets\videos\curry_nba_free_throw_set_Shot\9.mp4,9.mp4,2286078,2.286,True,29.97,113,3.77,854,480,854x480,1.779,,set_shot,free_throw,Stephcurry,False,False,False,False,,,,,b446ef249b68f498|b444ef259b6cf490|b444ef249b6cf491|b444ef259b6cf482|b444ef249b6cf688|b446ef249b6cf488|b446ef249368f698|b446ef249b6c7488|b447ef249b687488|b446ef249b6cf488|b446ef249b6e3481|b4466f249b6eb488|b446ef349b6ab488|b446ef24936eb489|b44677a49b7cb481|b446f7ac936cbc81|b446e7ac936cfc81|b44677a5937c3481|80677784935d3890|833f5186b95d2898|833f50c6b55d2a90|833f5086b95c6398|813b5086f95d2398|813b5086f95c23b8
