video,group,name,error,fps,n_frames,duration_s,width,height,sampled_frames,people_max,people_median,people_max_conf,people_mean_conf,frac_frames_2plus,multi_person,frac_no_pose,median_key_visibility,n_frames_lowvis,frac_lowvis,shooter_jump_median_diag_per_s,shooter_jump_p90_diag_per_s,cam_shift_median_wpers,cam_shift_p90_wpers,absdiff_median,lum_mean,lum_std,content_area_frac,content_box,subject_h_median,pair_iou_median,multi_frames,frac_multi_overlapping,yolo_people_max,yolo_people_median,yolo_frac_2plus,yolo_biggest_h_median,yolo_second_h_median,panel_frac,panel_box,panel_lum_mean,panel_lum_std,frac_intruder_in_crop,median_iou_nearest,yolo_shooter_jump_bh_per_s,second_person_size_ratio,multi_person_yolo,subject_h_yolo,bucket,bucket_reason
c:\Users\karim\Desktop\Swichy\assets\videos\salah_video.mp4,videos,salah_video.mp4,,29.99,1682,56.08,1280,720,32,1,1.0,1,0.59,0.0,False,0.406,0.9831,0,0.0,0.0853,0.6225,0.0055,0.0188,0.9069,122.8,44.6,1.0,"0,0,1280,720",0.3797,,0,,1,1.0,0.0,0.415,,1.0,"0,0,1280,720",122.9,44.5,,,,,False,0.415,REJECT,"56s multi-shot compilation, not a single-shot sample"
c:\Users\karim\Desktop\Swichy\assets\videos\video8.mov,videos,video8.mov,,30.0,859,28.63,1280,720,32,1,0.0,1,0.47,0.0,False,0.531,0.9075,0,0.0,0.0887,0.2827,0.0018,0.0052,0.2773,116.4,52.4,1.0,"0,0,1280,720",0.2568,,0,,1,1.0,0.0,0.267,,1.0,"0,0,1280,720",116.4,52.4,,,,,False,0.267,REJECT,already cut into the single_shot clips (manifest.json); keeping both duplicates every shot
c:\Users\karim\Desktop\Swichy\assets\videos\video9.mov,videos,video9.mov,,30.0,401,13.37,1280,720,32,1,0.0,1,0.47,0.0,False,0.531,0.9753,0,0.0,0.1261,1.132,0.0046,0.0126,0.1967,132.0,46.9,0.317,"437,0,843,720",0.3955,,0,,1,1.0,0.0,0.283,,0.145,"524,78,749,671",136.0,49.4,,,,,False,0.283,REJECT,already cut into the single_shot clips (manifest.json); keeping both duplicates every shot
c:\Users\karim\Desktop\Swichy\assets\videos\video_01_free_throw.mp4,videos,video_01_free_throw.mp4,,24.0,324,13.5,1280,720,32,1,1.0,1,1.0,0.0,False,0.0,0.9937,0,0.0,0.051,0.1894,0.0026,0.0056,0.8697,84.5,42.4,1.0,"0,0,1280,720",0.6158,,0,,1,1.0,0.0,0.699,,1.0,"0,0,1280,720",84.4,42.3,,,,,False,0.699,REJECT,"14s multi-shot compilation, not a single-shot sample"
c:\Users\karim\Desktop\Swichy\assets\videos\video_07_side_jump_shot.mp4,videos,video_07_side_jump_shot.mp4,,29.99,1351,45.05,480,360,32,1,1.0,1,1.0,0.0,False,0.0,0.947,0,0.0,0.0092,0.0511,0.0036,0.0115,0.4902,69.5,21.2,1.0,"0,0,480,360",0.5059,,0,,1,1.0,0.0,0.559,,0.153,"180,33,282,293",61.3,28.0,,,,,False,0.559,REJECT,"45s multi-shot compilation, not a single-shot sample"
c:\Users\karim\Desktop\Swichy\assets\videos\single_shot\video8_shot01_set.mp4,single_shot,video8_shot01_set.mp4,,30.0,70,2.33,1280,720,32,1,0.0,1,0.12,0.0,False,0.875,0.9334,0,0.0,1.0495,1.1872,0.0015,0.0042,0.2466,115.0,52.3,1.0,"0,0,1280,720",0.1556,,0,,1,1.0,0.0,0.258,,0.233,"595,154,977,715",121.7,48.8,,,,,False,0.258,KEEP_NEEDS_PREPROCESSING,subject only 0.26 of frame height (no-pose 88%) -- crop+upscale
c:\Users\karim\Desktop\Swichy\assets\videos\single_shot\video8_shot02_set.mp4,single_shot,video8_shot02_set.mp4,,30.0,67,2.23,1280,720,32,1,0.0,1,0.22,0.0,False,0.781,0.8918,0,0.0,0.5656,6.404,0.0015,0.0034,0.2303,115.2,52.3,1.0,"0,0,1280,720",0.1474,,0,,1,1.0,0.0,0.258,,0.526,"429,0,1108,714",116.8,52.3,,,,,False,0.258,KEEP_NEEDS_PREPROCESSING,subject only 0.26 of frame height (no-pose 78%) -- crop+upscale
c:\Users\karim\Desktop\Swichy\assets\videos\single_shot\video8_shot03_set.mp4,single_shot,video8_shot03_set.mp4,,30.0,81,2.7,1280,720,32,1,0.0,1,0.47,0.0,False,0.531,0.8908,0,0.0,0.5083,4.8623,0.0012,0.0046,0.2879,115.2,52.4,1.0,"0,0,1280,720",0.2039,,0,,1,1.0,0.0,0.255,,0.917,"59,0,1280,692",114.1,53.0,,,,,False,0.255,KEEP_NEEDS_PREPROCESSING,subject only 0.26 of frame height (no-pose 53%) -- crop+upscale
c:\Users\karim\Desktop\Swichy\assets\videos\single_shot\video8_shot04_set.mp4,single_shot,video8_shot04_set.mp4,,30.0,85,2.83,1280,720,32,1,0.5,1,0.5,0.0,False,0.5,0.9005,0,0.0,0.4238,1.0217,0.0012,0.0041,0.2405,114.9,52.4,1.0,"0,0,1280,720",0.2583,,0,,1,1.0,0.0,0.257,,0.29,"535,129,1008,695",121.3,49.9,,,,,False,0.257,KEEP_NEEDS_PREPROCESSING,subject only 0.26 of frame height (no-pose 50%) -- crop+upscale
c:\Users\karim\Desktop\Swichy\assets\videos\single_shot\video8_shot05_set.mp4,single_shot,video8_shot05_set.mp4,,30.0,71,2.37,1280,720,32,1,0.0,1,0.41,0.0,False,0.594,0.9295,0,0.0,0.4458,0.8208,0.0019,0.0028,0.2165,114.5,52.3,1.0,"0,0,1280,720",0.2459,,0,,1,1.0,0.0,0.266,,0.479,"478,0,1144,663",113.0,52.9,,,,,False,0.266,KEEP_NEEDS_PREPROCESSING,subject only 0.27 of frame height (no-pose 59%) -- crop+upscale
c:\Users\karim\Desktop\Swichy\assets\videos\single_shot\video8_shot06_set.mp4,single_shot,video8_shot06_set.mp4,,30.0,87,2.9,1280,720,32,2,1.0,2,0.91,0.031,False,0.125,0.9404,0,0.0,0.3538,1.7848,0.0018,0.0042,0.2533,114.4,52.3,1.0,"0,0,1280,720",0.2508,0.8069,1,1.0,1,1.0,0.0,0.265,,0.289,"490,115,965,676",121.3,51.0,,,,,False,0.265,KEEP_NEEDS_PREPROCESSING,subject only 0.27 of frame height (no-pose 12%) -- crop+upscale
c:\Users\karim\Desktop\Swichy\assets\videos\single_shot\video8_shot07_set.mp4,single_shot,video8_shot07_set.mp4,,30.0,87,2.9,1280,720,32,1,1.0,1,0.75,0.0,False,0.25,0.9035,0,0.0,0.2466,0.4997,0.0016,0.0047,0.2804,114.1,52.2,1.0,"0,0,1280,720",0.2327,,0,,1,1.0,0.0,0.264,,0.431,"463,39,1066,698",116.5,51.6,,,,,False,0.264,KEEP_NEEDS_PREPROCESSING,subject only 0.26 of frame height (no-pose 25%) -- crop+upscale
c:\Users\karim\Desktop\Swichy\assets\videos\single_shot\video8_shot08_set.mp4,single_shot,video8_shot08_set.mp4,,30.0,87,2.9,1280,720,32,1,0.0,1,0.34,0.0,False,0.656,0.9204,0,0.0,0.3057,0.6232,0.0015,0.003,0.2878,114.1,52.4,1.0,"0,0,1280,720",0.2292,,0,,1,1.0,0.0,0.275,,0.409,"367,74,951,720",121.9,51.3,,,,,False,0.275,KEEP_NEEDS_PREPROCESSING,subject only 0.28 of frame height (no-pose 66%) -- crop+upscale
c:\Users\karim\Desktop\Swichy\assets\videos\single_shot\video8_shot09_set.mp4,single_shot,video8_shot09_set.mp4,,30.0,88,2.93,1280,720,32,1,0.0,1,0.47,0.0,False,0.531,0.9624,0,0.0,0.2827,0.4561,0.0022,0.0038,0.3024,114.1,52.4,1.0,"0,0,1280,720",0.2216,,0,,1,1.0,0.0,0.272,,0.417,"350,81,952,720",122.4,51.1,,,,,False,0.272,KEEP_NEEDS_PREPROCESSING,subject only 0.27 of frame height (no-pose 53%) -- crop+upscale
c:\Users\karim\Desktop\Swichy\assets\videos\single_shot\video8_shot10_jump.mp4,single_shot,video8_shot10_jump.mp4,,30.0,83,2.77,1280,720,32,1,1.0,1,0.72,0.0,False,0.281,0.9512,0,0.0,0.4401,0.9534,0.0057,0.0086,0.5052,114.5,52.4,1.0,"0,0,1280,720",0.2542,,0,,1,1.0,0.0,0.286,,0.55,"185,58,950,720",122.0,51.6,,,,,False,0.286,KEEP_NEEDS_PREPROCESSING,subject only 0.29 of frame height (no-pose 28%) -- crop+upscale
c:\Users\karim\Desktop\Swichy\assets\videos\single_shot\video9_shot01_jump.mp4,single_shot,video9_shot01_jump.mp4,,30.0,73,2.43,1280,720,32,1,1.0,1,0.53,0.0,False,0.469,0.9858,0,0.0,0.5949,0.8141,0.0073,0.0157,0.3436,129.8,47.0,0.317,"437,0,843,720",0.3744,,0,,1,1.0,0.0,0.338,,0.114,"547,75,724,671",133.9,49.8,,,,,False,0.338,KEEP_NEEDS_PREPROCESSING,pose missing in 47% of sampled frames; pillarboxed: real image is 32% of the frame
c:\Users\karim\Desktop\Swichy\assets\videos\single_shot\video9_shot02_jump.mp4,single_shot,video9_shot02_jump.mp4,,30.0,102,3.4,1280,720,32,1,1.0,1,0.53,0.0,False,0.469,0.9733,0,0.0,0.6133,1.381,0.0062,0.0146,0.2595,130.4,46.9,0.317,"437,0,843,720",0.3242,,0,,1,1.0,0.0,0.309,,0.146,"523,80,750,671",134.8,49.1,,,,,False,0.309,KEEP_NEEDS_PREPROCESSING,pose missing in 47% of sampled frames; pillarboxed: real image is 32% of the frame
c:\Users\karim\Desktop\Swichy\assets\videos\single_shot\video9_shot03_jump.mp4,single_shot,video9_shot03_jump.mp4,,30.0,107,3.57,1280,720,32,2,1.0,2,1.03,0.031,False,0.0,0.9883,0,0.0,0.2128,0.6498,0.0073,0.0152,0.315,128.5,47.9,0.317,"437,0,843,720",0.4183,0.7536,1,1.0,1,1.0,0.0,0.41,,0.086,"586,59,717,667",129.1,53.1,,,,,False,0.41,KEEP_NEEDS_PREPROCESSING,pillarboxed: real image is 32% of the frame
c:\Users\karim\Desktop\Swichy\assets\videos\ShootingVideosDataset\Bookerfreethrowshooting1_set.mp4,ShootingVideosDataset,Bookerfreethrowshooting1_set.mp4,,30.0,75,2.5,1280,720,32,1,0.0,1,0.16,0.0,False,0.844,0.9012,0,0.0,0.345,0.4769,0.0051,0.0096,1.1611,133.4,54.2,1.0,"0,0,1280,720",0.3537,,0,,8,6.0,1.0,0.367,0.357,1.0,"0,0,1280,720",133.4,54.2,0.0,0.0,0.291,0.973,True,0.367,KEEP_NEEDS_PREPROCESSING,pose missing in 84% of sampled frames
c:\Users\karim\Desktop\Swichy\assets\videos\ShootingVideosDataset\Bookerrightcornershooting1_jumpshoot.mp4,ShootingVideosDataset,Bookerrightcornershooting1_jumpshoot.mp4,,30.0,75,2.5,1280,720,32,1,1.0,1,1.0,0.0,False,0.0,0.9565,0,0.0,0.3298,0.5747,0.0149,0.0262,2.6994,126.4,59.9,1.0,"0,0,1280,720",0.8521,,0,,5,4.0,1.0,0.876,0.335,0.942,"0,0,1206,720",130.5,58.6,0.0,0.0,0.32,0.382,True,0.876,KEEP_CLEAN,
c:\Users\karim\Desktop\Swichy\assets\videos\ShootingVideosDataset\Bookerrightwingshooting2miss_jumpshoot.mp4,ShootingVideosDataset,Bookerrightwingshooting2miss_jumpshoot.mp4,,30.0,75,2.5,1280,720,32,1,1.0,1,1.0,0.0,False,0.0,0.9744,0,0.0,0.2693,0.6396,0.0129,0.0224,1.9541,134.6,54.6,1.0,"0,0,1280,720",0.6278,,0,,9,7.0,1.0,0.712,0.341,0.994,"0,0,1272,720",135.0,54.6,0.458,0.0,0.355,0.479,True,0.712,KEEP_NEEDS_PREPROCESSING,"another person enters the shooter crop in 46% of frames -- needs shooter tracking, not a static crop"
c:\Users\karim\Desktop\Swichy\assets\videos\ShootingVideosDataset\Couch2rightcourner3ptshooting1_jumpshoot.mp4,ShootingVideosDataset,Couch2rightcourner3ptshooting1_jumpshoot.mp4,,30.0,60,2.0,1280,720,32,2,1.0,2,1.06,0.062,False,0.0,0.9737,0,0.0,0.3351,0.9759,0.0176,0.0294,0.3795,148.1,51.5,0.317,"437,0,843,720",0.4418,0.842,2,1.0,2,1.0,0.167,0.456,0.083,0.194,"440,0,760,558",145.0,51.3,0.0,0.0,0.192,0.182,False,0.456,KEEP_NEEDS_PREPROCESSING,pillarboxed: real image is 32% of the frame
c:\Users\karim\Desktop\Swichy\assets\videos\ShootingVideosDataset\Couch2rightcourner3ptshooting2_jumpshoot.mp4,ShootingVideosDataset,Couch2rightcourner3ptshooting2_jumpshoot.mp4,,30.0,77,2.57,1280,720,32,2,1.0,2,1.03,0.062,False,0.031,0.9755,0,0.0,0.2668,0.8304,0.0134,0.0208,0.3747,149.7,50.4,0.317,"437,0,843,720",0.4126,0.6671,2,1.0,2,2.0,0.958,0.443,0.086,0.181,"514,0,813,557",142.7,52.8,0.042,0.0,0.249,0.194,True,0.443,KEEP_NEEDS_PREPROCESSING,pillarboxed: real image is 32% of the frame
c:\Users\karim\Desktop\Swichy\assets\videos\ShootingVideosDataset\Couch2rightcournershooting1_set.mp4,ShootingVideosDataset,Couch2rightcournershooting1_set.mp4,,30.0,61,2.03,1280,720,32,1,0.0,1,0.25,0.0,False,0.75,0.7282,0,0.0,0.7637,1.1051,0.0032,0.0069,0.1228,149.0,46.0,0.317,"437,0,843,720",0.2397,,0,,2,1.0,0.042,0.328,0.339,0.107,"522,152,781,532",130.8,56.4,0.042,0.0,0.142,1.034,False,0.328,KEEP_NEEDS_PREPROCESSING,pose missing in 75% of sampled frames; pillarboxed: real image is 32% of the frame
c:\Users\karim\Desktop\Swichy\assets\videos\ShootingVideosDataset\Couch2rightwing3ptshooting1_jump.mp4,ShootingVideosDataset,Couch2rightwing3ptshooting1_jump.mp4,,30.0,77,2.57,1280,720,32,2,1.0,2,1.03,0.031,False,0.0,0.9844,0,0.0,0.2503,0.7116,0.0127,0.0217,0.4829,142.4,50.7,0.317,"437,0,843,720",0.4318,0.4542,1,1.0,2,2.0,1.0,0.464,0.098,0.217,"476,0,807,604",135.1,52.9,0.0,0.0,0.241,0.211,True,0.464,KEEP_NEEDS_PREPROCESSING,pillarboxed: real image is 32% of the frame
c:\Users\karim\Desktop\Swichy\assets\videos\ShootingVideosDataset\Couchleftwing3ptshooting1_jumpshot.mp4,ShootingVideosDataset,Couchleftwing3ptshooting1_jumpshot.mp4,,30.0,61,2.03,1280,720,32,1,0.5,1,0.5,0.0,False,0.5,0.9892,0,0.0,0.3129,1.1493,0.006,0.0132,0.2586,89.7,62.5,0.317,"437,0,843,720",0.2932,,0,,1,1.0,0.0,0.37,,0.147,"590,17,783,720",88.6,60.1,,,,,False,0.37,KEEP_NEEDS_PREPROCESSING,pose missing in 50% of sampled frames; pillarboxed: real image is 32% of the frame
c:\Users\karim\Desktop\Swichy\assets\videos\ShootingVideosDataset\Couchrightcornershooting1.mp4,ShootingVideosDataset,Couchrightcornershooting1.mp4,,30.0,69,2.3,1280,720,32,2,1.0,2,1.03,0.031,False,0.0,0.9812,0,0.0,0.5662,1.157,0.0164,0.0253,0.6249,89.8,59.9,0.317,"437,0,843,720",0.4066,0.836,1,1.0,1,1.0,0.0,0.471,,0.266,"479,0,820,720",90.3,60.0,,,,,False,0.471,KEEP_NEEDS_PREPROCESSING,pillarboxed: real image is 32% of the frame
c:\Users\karim\Desktop\Swichy\assets\videos\ShootingVideosDataset\Couchshooting1.mp4,ShootingVideosDataset,Couchshooting1.mp4,,30.0,52,1.73,1280,720,32,1,0.0,1,0.38,0.0,False,0.625,0.9874,0,0.0,0.5473,1.0528,0.0029,0.0101,0.2041,84.6,59.2,0.317,"437,0,843,720",0.3544,,0,,2,2.0,1.0,0.414,0.124,0.096,"543,92,722,586",82.5,57.1,0.0,0.0,0.097,0.3,True,0.414,KEEP_NEEDS_PREPROCESSING,pose missing in 62% of sampled frames; pillarboxed: real image is 32% of the frame
c:\Users\karim\Desktop\Swichy\assets\videos\ShootingVideosDataset\Kevindurantrightcournor3ptshooting1.mp4,ShootingVideosDataset,Kevindurantrightcournor3ptshooting1.mp4,,30.0,77,2.57,1280,720,32,1,1.0,1,0.56,0.0,False,0.438,0.9831,0,0.0,0.5299,0.7185,0.0262,0.1148,3.4203,106.4,72.2,1.0,"0,0,1280,720",0.3553,,0,,5,3.5,1.0,0.408,0.362,1.0,"0,0,1280,720",106.4,72.2,0.083,0.0,0.041,0.887,True,0.408,KEEP_NEEDS_PREPROCESSING,pose missing in 44% of sampled frames; camera pans 0.026 frame-widths/s -- body_rise_ratio unusable without stabilisation
c:\Users\karim\Desktop\Swichy\assets\videos\ShootingVideosDataset\Kevindurantrightcournor3ptshooting2.mp4,ShootingVideosDataset,Kevindurantrightcournor3ptshooting2.mp4,,30.0,77,2.57,1280,720,32,1,1.0,1,0.94,0.0,False,0.062,0.9791,0,0.0,0.4042,0.7923,0.0367,0.1928,5.7774,107.1,74.9,1.0,"0,0,1280,720",0.4753,,0,,4,2.0,1.0,0.54,0.26,1.0,"0,0,1280,720",107.1,74.9,0.0,0.0,0.466,0.481,True,0.54,KEEP_NEEDS_PREPROCESSING,camera pans 0.037 frame-widths/s -- body_rise_ratio unusable without stabilisation
c:\Users\karim\Desktop\Swichy\assets\videos\ShootingVideosDataset\Kevindurantrightwing3ptshooting2miss.mp4,ShootingVideosDataset,Kevindurantrightwing3ptshooting2miss.mp4,,30.0,77,2.57,1280,720,32,1,1.0,1,1.0,0.0,False,0.0,0.98,0,0.0,0.4455,0.8529,0.0245,0.0431,2.7517,108.3,76.4,1.0,"0,0,1280,720",0.5831,,0,,3,3.0,1.0,0.63,0.322,1.0,"0,0,1280,720",108.3,76.3,0.333,0.0,0.685,0.511,True,0.63,KEEP_NEEDS_PREPROCESSING,"camera pans 0.025 frame-widths/s -- body_rise_ratio unusable without stabilisation; another person enters the shooter crop in 33% of frames -- needs shooter tracking, not a static crop"
c:\Users\karim\Desktop\Swichy\assets\videos\ShootingVideosDataset\Klay3ptshooting1.mp4,ShootingVideosDataset,Klay3ptshooting1.mp4,,30.0,75,2.5,1280,720,32,2,1.0,2,0.81,0.094,False,0.281,0.9814,0,0.0,0.6608,14.6974,0.0059,0.0121,1.3969,129.0,57.8,1.0,"0,0,1280,720",0.4265,0.0,3,0.0,5,4.0,1.0,0.505,0.296,1.0,"0,0,1280,720",129.0,57.8,0.042,0.0,0.449,0.586,True,0.505,KEEP_NEEDS_PREPROCESSING,pose missing in 28% of sampled frames
c:\Users\karim\Desktop\Swichy\assets\videos\ShootingVideosDataset\Klay3ptshooting3.mp4,ShootingVideosDataset,Klay3ptshooting3.mp4,,30.0,75,2.5,1280,720,32,1,1.0,1,1.0,0.0,False,0.0,0.9815,0,0.0,0.3208,0.9064,0.0103,0.0182,2.2802,130.0,56.2,1.0,"0,0,1280,720",0.5898,,0,,7,5.0,1.0,0.663,0.404,1.0,"0,0,1280,720",130.0,56.3,0.5,0.0,0.452,0.609,True,0.663,REJECT,second player of comparable size (0.61x shooter) inside the shooter crop in 50% of frames -- crop cannot isolate a single shooter
c:\Users\karim\Desktop\Swichy\assets\videos\ShootingVideosDataset\Klay3ptshooting4.mp4,ShootingVideosDataset,Klay3ptshooting4.mp4,,30.0,75,2.5,1280,720,32,1,1.0,1,1.0,0.0,False,0.0,0.9843,0,0.0,0.3807,0.777,0.0084,0.023,2.1195,129.0,56.6,1.0,"0,0,1280,720",0.6004,,0,,6,5.0,1.0,0.68,0.4,1.0,"0,0,1280,720",129.0,56.6,0.542,0.0,0.44,0.588,True,0.68,REJECT,second player of comparable size (0.59x shooter) inside the shooter crop in 54% of frames -- crop cannot isolate a single shooter
c:\Users\karim\Desktop\Swichy\assets\videos\ShootingVideosDataset\Klaythompsonpracticeshooting.mp4,ShootingVideosDataset,Klaythompsonpracticeshooting.mp4,,30.0,126,4.2,1280,720,32,1,1.0,1,1.0,0.0,False,0.0,0.9874,0,0.0,0.1889,1.484,0.0263,0.2954,2.0723,148.4,49.3,1.0,"0,0,1280,720",0.6988,,0,,1,1.0,0.0,0.731,,1.0,"0,0,1280,720",147.5,49.6,,,,,False,0.731,KEEP_NEEDS_PREPROCESSING,camera pans 0.026 frame-widths/s -- body_rise_ratio unusable without stabilisation
c:\Users\karim\Desktop\Swichy\assets\videos\ShootingVideosDataset\Lethalshooterpractice3ptshooting.mp4,ShootingVideosDataset,Lethalshooterpractice3ptshooting.mp4,,30.0,97,3.23,1280,720,32,1,1.0,1,1.0,0.0,False,0.0,0.9854,0,0.0,0.2425,0.7056,0.0254,0.0429,1.4142,160.3,43.5,1.0,"0,0,1280,720",0.543,,0,,3,3.0,1.0,0.594,0.405,0.531,"404,142,1251,720",163.9,44.8,0.667,0.013,0.253,0.682,True,0.594,REJECT,second player of comparable size (0.68x shooter) inside the shooter crop in 67% of frames -- crop cannot isolate a single shooter
c:\Users\karim\Desktop\Swichy\assets\videos\ShootingVideosDataset\Lethalshooterpractice3ptshooting2.mp4,ShootingVideosDataset,Lethalshooterpractice3ptshooting2.mp4,,30.0,75,2.5,1280,720,32,2,1.0,2,1.06,0.062,False,0.0,0.9862,0,0.0,0.2235,0.5752,0.0263,0.0396,0.8227,163.8,39.0,1.0,"0,0,1280,720",0.5221,0.7982,2,1.0,2,2.0,1.0,0.552,0.339,0.489,"500,0,1126,720",163.0,43.6,0.0,0.0,0.296,0.614,True,0.552,KEEP_NEEDS_PREPROCESSING,camera pans 0.026 frame-widths/s -- body_rise_ratio unusable without stabilisation
c:\Users\karim\Desktop\Swichy\assets\videos\ShootingVideosDataset\Lethalshooterpracticeshooting.mp4,ShootingVideosDataset,Lethalshooterpracticeshooting.mp4,,30.0,99,3.3,1280,720,32,1,1.0,1,1.0,0.0,False,0.0,0.9842,0,0.0,0.1827,0.7504,0.0169,0.0324,1.1748,161.7,42.7,1.0,"0,0,1280,720",0.4656,,0,,4,3.0,1.0,0.515,0.383,0.609,"346,73,1245,697",161.5,43.3,0.667,0.034,0.252,0.744,True,0.515,REJECT,second player of comparable size (0.74x shooter) inside the shooter crop in 67% of frames -- crop cannot isolate a single shooter
c:\Users\karim\Desktop\Swichy\assets\videos\ShootingVideosDataset\LethalShooterRightCourner3ptshooting1.mp4,ShootingVideosDataset,LethalShooterRightCourner3ptshooting1.mp4,,30.0,69,2.3,404,720,32,2,1.0,2,1.03,0.031,False,0.0,0.971,0,0.0,0.4601,1.4075,0.0262,0.0974,3.0316,105.3,67.8,1.0,"0,0,404,720",0.2884,0.3477,1,1.0,2,2.0,0.958,0.324,0.089,0.982,"0,13,404,720",105.8,68.0,0.0,0.0,0.36,0.275,True,0.324,KEEP_NEEDS_PREPROCESSING,camera pans 0.026 frame-widths/s -- body_rise_ratio unusable without stabilisation
c:\Users\karim\Desktop\Swichy\assets\videos\ShootingVideosDataset\Mikedunn3ptshooting3.mp4,ShootingVideosDataset,Mikedunn3ptshooting3.mp4,,30.0,75,2.5,1280,720,32,0,0.0,0,0.0,0.0,False,1.0,,0,0.0,,,0.0016,0.0031,0.1731,115.6,53.1,1.0,"0,0,1280,720",,,0,,1,1.0,0.0,0.271,,0.557,"198,67,1082,648",120.9,53.6,,,,,False,0.271,KEEP_NEEDS_PREPROCESSING,subject only 0.27 of frame height (no-pose 100%) -- crop+upscale
c:\Users\karim\Desktop\Swichy\assets\videos\ShootingVideosDataset\Salahairballtest.mp4,ShootingVideosDataset,Salahairballtest.mp4,,30.0,212,7.07,1280,720,32,1,0.0,1,0.38,0.0,False,0.625,0.994,0,0.0,0.9278,1.2127,0.0056,0.0216,0.6446,122.9,44.4,1.0,"0,0,1280,720",0.391,,0,,1,1.0,0.0,0.412,,0.841,"129,39,1280,712",122.2,45.5,,,,,False,0.412,KEEP_NEEDS_PREPROCESSING,pose missing in 62% of sampled frames
c:\Users\karim\Desktop\Swichy\assets\videos\ShootingVideosDataset\Stephcurryleftcourner3ptshooting1.mp4,ShootingVideosDataset,Stephcurryleftcourner3ptshooting1.mp4,,30.0,77,2.57,1280,720,32,1,1.0,1,1.0,0.0,False,0.0,0.9356,0,0.0,0.4758,0.9009,0.0366,0.1013,8.7076,145.4,64.8,1.0,"0,0,1280,720",0.6632,,0,,12,8.0,1.0,0.715,0.298,1.0,"0,0,1280,720",145.4,64.8,0.583,0.0,0.549,0.417,True,0.715,KEEP_NEEDS_PREPROCESSING,"camera pans 0.037 frame-widths/s -- body_rise_ratio unusable without stabilisation; another person enters the shooter crop in 58% of frames -- needs shooter tracking, not a static crop"
c:\Users\karim\Desktop\Swichy\assets\videos\ShootingVideosDataset\Stephcurryleftcourner3ptshooting3miss.mp4,ShootingVideosDataset,Stephcurryleftcourner3ptshooting3miss.mp4,,30.0,77,2.57,1280,720,32,1,1.0,1,1.0,0.0,False,0.0,0.9656,0,0.0,0.305,0.7369,0.0158,0.045,5.1207,150.9,65.0,1.0,"0,0,1280,720",0.7758,,0,,10,6.0,1.0,0.787,0.297,1.0,"0,0,1280,720",150.9,65.0,0.125,0.0,0.366,0.377,True,0.787,KEEP_CLEAN,
c:\Users\karim\Desktop\Swichy\assets\videos\ShootingVideosDataset\Stephcurryleftcourner3ptshooting4miss.mp4,ShootingVideosDataset,Stephcurryleftcourner3ptshooting4miss.mp4,,30.0,76,2.53,1280,720,32,1,1.0,1,1.0,0.0,False,0.0,0.981,0,0.0,0.306,0.6797,0.0282,0.0851,7.2334,150.7,63.9,1.0,"0,0,1280,720",0.6695,,0,,11,6.0,1.0,0.75,0.293,1.0,"0,0,1280,720",150.7,63.8,0.292,0.0,0.223,0.391,True,0.75,KEEP_NEEDS_PREPROCESSING,"camera pans 0.028 frame-widths/s -- body_rise_ratio unusable without stabilisation; another person enters the shooter crop in 29% of frames -- needs shooter tracking, not a static crop"
c:\Users\karim\Desktop\Swichy\assets\videos\ShootingVideosDataset\Stephcurryleftcourner3ptshooting5.mp4,ShootingVideosDataset,Stephcurryleftcourner3ptshooting5.mp4,,30.0,92,3.07,1280,720,32,1,1.0,1,1.0,0.0,False,0.0,0.9792,0,0.0,0.1857,0.8923,0.0144,0.0586,5.7267,152.9,63.6,1.0,"0,0,1280,720",0.7046,,0,,9,6.0,1.0,0.816,0.343,1.0,"0,0,1280,720",152.9,63.6,0.375,0.0,0.235,0.42,True,0.816,KEEP_NEEDS_PREPROCESSING,"another person enters the shooter crop in 38% of frames -- needs shooter tracking, not a static crop"
c:\Users\karim\Desktop\Swichy\assets\videos\ShootingVideosDataset\Stephcurryleftwing3ptshooting1_jumpshoot.mp4,ShootingVideosDataset,Stephcurryleftwing3ptshooting1_jumpshoot.mp4,,30.0,77,2.57,1280,720,32,2,1.0,2,0.75,0.031,False,0.281,0.9868,0,0.0,0.4822,1.144,0.0674,0.1746,10.3671,147.4,63.9,1.0,"0,0,1280,720",0.3691,0.6657,1,1.0,7,6.0,1.0,0.365,0.238,1.0,"0,0,1280,720",147.3,64.0,0.375,0.0,0.597,0.652,True,0.365,KEEP_NEEDS_PREPROCESSING,"pose missing in 28% of sampled frames; camera pans 0.067 frame-widths/s -- body_rise_ratio unusable without stabilisation; another person enters the shooter crop in 38% of frames -- needs shooter tracking, not a static crop"
c:\Users\karim\Desktop\Swichy\assets\videos\ShootingVideosDataset\Stephcurryleftwing3ptshooting6_jumpshoot.mp4,ShootingVideosDataset,Stephcurryleftwing3ptshooting6_jumpshoot.mp4,,24.0,78,3.25,998,720,32,2,1.0,1,0.78,0.0,False,0.219,0.9092,0,0.0,0.2141,0.4602,0.0074,0.0121,2.6408,89.9,75.3,1.0,"0,0,998,720",0.4407,,0,,6,5.0,1.0,0.461,0.259,0.726,"0,0,725,720",118.1,69.7,0.625,0.003,0.225,0.562,True,0.461,REJECT,second player of comparable size (0.56x shooter) inside the shooter crop in 62% of frames -- crop cannot isolate a single shooter
c:\Users\karim\Desktop\Swichy\assets\videos\ShootingVideosDataset\Stephcurryleftwing3ptshooting7_jumpshoot.mp4,ShootingVideosDataset,Stephcurryleftwing3ptshooting7_jumpshoot.mp4,,24.0,75,3.12,982,720,32,1,1.0,1,0.75,0.0,False,0.25,0.9262,0,0.0,0.3267,0.8967,0.0093,0.0169,2.3356,91.1,74.5,1.0,"0,0,982,720",0.4366,,0,,8,6.0,1.0,0.47,0.271,0.738,"0,0,725,720",117.7,69.0,0.458,0.0,0.265,0.577,True,0.47,KEEP_NEEDS_PREPROCESSING,"pose missing in 25% of sampled frames; another person enters the shooter crop in 46% of frames -- needs shooter tracking, not a static crop"
c:\Users\karim\Desktop\Swichy\assets\videos\ShootingVideosDataset\Stephcurryleftwing3ptshooting_jumpshoot5.mp4,ShootingVideosDataset,Stephcurryleftwing3ptshooting_jumpshoot5.mp4,,24.0,76,3.17,1000,720,32,1,1.0,1,0.66,0.0,False,0.344,0.9133,0,0.0,0.1251,0.6548,0.0077,0.0136,2.2468,90.1,75.5,1.0,"0,0,1000,720",0.4378,,0,,7,6.0,1.0,0.466,0.271,0.725,"0,0,725,720",118.5,70.0,0.917,0.025,0.259,0.582,True,0.466,REJECT,second player of comparable size (0.58x shooter) inside the shooter crop in 92% of frames -- crop cannot isolate a single shooter
c:\Users\karim\Desktop\Swichy\assets\videos\training\Screen Recording 2026-05-25 142320.mp4,training,Screen Recording 2026-05-25 142320.mp4,,30.0,295,9.83,426,566,32,2,1.0,2,0.97,0.031,False,0.031,0.9881,1,0.031,0.1245,1.373,0.0163,0.094,3.5598,96.6,63.6,1.0,"0,0,426,566",0.4348,0.0,1,0.0,7,6.0,1.0,0.472,0.36,1.0,"0,0,426,566",96.8,63.4,0.75,0.031,0.205,0.763,True,0.472,REJECT,second player of comparable size (0.76x shooter) inside the shooter crop in 75% of frames -- crop cannot isolate a single shooter
c:\Users\karim\Desktop\Swichy\assets\videos\training\Screen Recording 2026-08-14 004129.mp4,training,Screen Recording 2026-08-14 004129.mp4,,30.0,129,4.3,1920,1080,32,1,1.0,1,0.59,0.0,False,0.406,0.8859,0,0.0,0.1932,0.6405,0.0007,0.0033,0.1869,116.1,51.7,1.0,"0,0,1920,1080",0.2621,,0,,1,1.0,0.0,0.261,,0.986,"15,0,1920,1073",116.0,51.8,,,,,False,0.261,KEEP_NEEDS_PREPROCESSING,subject only 0.26 of frame height (no-pose 41%) -- crop+upscale
c:\Users\karim\Desktop\Swichy\assets\videos\training\Screen Recording 2026-08-14 004215.mp4,training,Screen Recording 2026-08-14 004215.mp4,,30.0,107,3.57,1920,1080,32,2,0.0,2,0.47,0.031,False,0.562,0.9585,0,0.0,0.3762,3.9405,0.0005,0.0037,0.2012,115.7,51.8,1.0,"0,0,1920,1080",0.2369,0.0682,1,1.0,1,1.0,0.0,0.262,,0.952,"20,21,1901,1071",116.1,51.6,,,,,False,0.262,KEEP_NEEDS_PREPROCESSING,subject only 0.26 of frame height (no-pose 56%) -- crop+upscale
c:\Users\karim\Desktop\Swichy\assets\videos\training\Screen Recording 2026-08-14 004832.mp4,training,Screen Recording 2026-08-14 004832.mp4,,30.0,144,4.8,1920,1080,32,1,1.0,1,0.75,0.0,False,0.25,0.9519,0,0.0,0.0802,0.9205,0.0004,0.0038,0.1898,115.7,52.4,1.0,"0,0,1920,1080",0.3064,,0,,1,1.0,0.0,0.348,,0.995,"9,0,1920,1080",115.6,52.4,,,,,False,0.348,KEEP_NEEDS_PREPROCESSING,pose missing in 25% of sampled frames
c:\Users\karim\Desktop\Swichy\assets\videos\training\Screen Recording 2026-08-14 005322.mp4,training,Screen Recording 2026-08-14 005322.mp4,,30.0,107,3.57,1920,1080,32,1,0.0,1,0.09,0.0,False,0.906,0.9657,0,0.0,2.1809,3.768,0.001,0.0029,0.296,116.6,51.8,1.0,"0,0,1920,1080",0.2189,,0,,1,1.0,0.0,0.249,,0.985,"16,0,1920,1073",116.5,51.9,,,,,False,0.249,KEEP_NEEDS_PREPROCESSING,subject only 0.25 of frame height (no-pose 91%) -- crop+upscale
c:\Users\karim\Desktop\Swichy\assets\videos\training\Screen Recording 2026-08-14 005350.mp4,training,Screen Recording 2026-08-14 005350.mp4,,30.0,153,5.1,1920,1080,32,1,0.0,1,0.19,0.0,False,0.812,0.9067,0,0.0,0.145,2.0023,0.0003,0.0035,0.1874,116.7,52.0,1.0,"0,0,1920,1080",0.1905,,0,,1,1.0,0.0,0.242,,0.98,"21,0,1920,1070",116.5,52.1,,,,,False,0.242,KEEP_NEEDS_PREPROCESSING,subject only 0.24 of frame height (no-pose 81%) -- crop+upscale
c:\Users\karim\Desktop\Swichy\assets\videos\training\Screen Recording 2026-08-14 005414.mp4,training,Screen Recording 2026-08-14 005414.mp4,,30.0,102,3.4,1920,1080,32,1,0.0,1,0.22,0.0,False,0.781,0.6362,0,0.0,0.2774,1.5981,0.0005,0.0031,0.1607,116.6,52.1,1.0,"0,0,1920,1080",0.1062,,0,,1,1.0,0.0,0.256,,0.939,"14,31,1889,1069",117.3,51.7,,,,,False,0.256,KEEP_NEEDS_PREPROCESSING,subject only 0.26 of frame height (no-pose 78%) -- crop+upscale
c:\Users\karim\Desktop\Swichy\assets\videos\training\Screen Recording 2026-08-14 005440.mp4,training,Screen Recording 2026-08-14 005440.mp4,,30.0,119,3.97,1920,1080,32,1,1.0,1,0.62,0.0,False,0.375,0.914,0,0.0,0.1917,0.8475,0.0003,0.0025,0.186,116.2,52.0,1.0,"0,0,1920,1080",0.2233,,0,,1,1.0,0.0,0.241,,0.961,"22,0,1886,1069",116.5,52.1,,,,,False,0.241,KEEP_NEEDS_PREPROCESSING,subject only 0.24 of frame height (no-pose 38%) -- crop+upscale
c:\Users\karim\Desktop\Swichy\assets\videos\training\Screen Recording 2026-08-14 005503.mp4,training,Screen Recording 2026-08-14 005503.mp4,,30.0,91,3.03,1920,1080,32,1,1.0,1,0.81,0.0,False,0.188,0.9392,0,0.0,0.2117,0.6992,0.0006,0.0057,0.2532,115.9,51.9,1.0,"0,0,1920,1080",0.2366,,0,,1,1.0,0.0,0.252,,0.962,"18,12,1902,1071",116.1,51.8,,,,,False,0.252,KEEP_NEEDS_PREPROCESSING,subject only 0.25 of frame height (no-pose 19%) -- crop+upscale
c:\Users\karim\Desktop\Swichy\assets\videos\training\Screen Recording 2026-08-14 005520.mp4,training,Screen Recording 2026-08-14 005520.mp4,,30.0,101,3.37,1920,1080,32,1,0.0,1,0.38,0.0,False,0.625,0.9668,0,0.0,0.1811,0.5659,0.0006,0.0049,0.2493,115.7,51.9,1.0,"0,0,1920,1080",0.2362,,0,,1,1.0,0.0,0.266,,0.941,"21,21,1885,1068",116.3,51.7,,,,,False,0.266,KEEP_NEEDS_PREPROCESSING,subject only 0.27 of frame height (no-pose 62%) -- crop+upscale
c:\Users\karim\Desktop\Swichy\assets\videos\training\Screen Recording 2026-08-14 005540.mp4,training,Screen Recording 2026-08-14 005540.mp4,,30.0,81,2.7,1920,1080,32,2,1.0,2,0.72,0.094,False,0.375,0.9555,0,0.0,0.2021,1.3058,0.0006,0.0027,0.1811,115.6,52.1,1.0,"0,0,1920,1080",0.2062,0.3406,3,1.0,1,1.0,0.0,0.241,,0.984,"20,0,1920,1074",115.4,52.2,,,,,False,0.241,KEEP_NEEDS_PREPROCESSING,subject only 0.24 of frame height (no-pose 38%) -- crop+upscale
c:\Users\karim\Desktop\Swichy\assets\videos\training\Screen Recording 2026-08-14 005601.mp4,training,Screen Recording 2026-08-14 005601.mp4,,30.0,159,5.3,1920,1080,32,2,1.0,2,0.75,0.031,False,0.281,0.9471,0,0.0,0.2552,0.8229,0.0013,0.0061,0.3713,115.8,52.1,1.0,"0,0,1920,1080",0.2698,0.4423,1,1.0,1,1.0,0.0,0.294,,1.0,"0,0,1920,1080",115.8,52.1,,,,,False,0.294,KEEP_NEEDS_PREPROCESSING,subject only 0.29 of frame height (no-pose 28%) -- crop+upscale
c:\Users\karim\Desktop\Swichy\assets\videos\training\Screen Recording 2026-08-14 005619.mp4,training,Screen Recording 2026-08-14 005619.mp4,,30.0,145,4.83,1920,1080,32,1,0.0,1,0.28,0.0,False,0.719,0.9525,0,0.0,0.4783,1.0047,0.0009,0.0071,0.3069,116.1,52.1,1.0,"0,0,1920,1080",0.2526,,0,,1,1.0,0.0,0.262,,0.945,"15,32,1884,1080",117.1,51.8,,,,,False,0.262,KEEP_NEEDS_PREPROCESSING,subject only 0.26 of frame height (no-pose 72%) -- crop+upscale
c:\Users\karim\Desktop\Swichy\assets\videos\training\Screen Recording 2026-08-14 005642.mp4,training,Screen Recording 2026-08-14 005642.mp4,,30.0,117,3.9,1920,1080,32,1,1.0,1,0.88,0.0,False,0.125,0.9536,0,0.0,0.0891,0.5166,0.0012,0.0046,0.2346,117.0,52.4,1.0,"0,0,1920,1080",0.2527,,0,,1,1.0,0.0,0.278,,0.956,"26,0,1880,1069",117.3,52.7,,,,,False,0.278,KEEP_NEEDS_PREPROCESSING,subject only 0.28 of frame height (no-pose 12%) -- crop+upscale
c:\Users\karim\Desktop\Swichy\assets\videos\training\Screen Recording 2026-08-14 005704.mp4,training,Screen Recording 2026-08-14 005704.mp4,,30.0,250,8.33,1920,1080,32,1,1.0,1,0.69,0.0,False,0.312,0.9523,0,0.0,0.042,0.4743,0.0011,0.0045,0.1942,117.0,52.2,1.0,"0,0,1920,1080",0.2222,,0,,1,1.0,0.0,0.243,,0.977,"8,0,1899,1071",117.0,52.4,,,,,False,0.243,KEEP_NEEDS_PREPROCESSING,subject only 0.24 of frame height (no-pose 31%) -- crop+upscale
c:\Users\karim\Desktop\Swichy\assets\videos\training\Screen Recording 2026-08-14 005724.mp4,training,Screen Recording 2026-08-14 005724.mp4,,30.0,89,2.97,1920,1080,32,1,1.0,1,0.91,0.0,False,0.094,0.9896,0,0.0,0.1096,0.5159,0.0009,0.0048,0.2654,116.8,51.9,1.0,"0,0,1920,1080",0.2537,,0,,1,1.0,0.0,0.289,,0.962,"18,17,1902,1076",117.2,51.7,,,,,False,0.289,KEEP_NEEDS_PREPROCESSING,subject only 0.29 of frame height (no-pose 9%) -- crop+upscale
c:\Users\karim\Desktop\Swichy\assets\videos\training\Screen Recording 2026-08-14 005744.mp4,training,Screen Recording 2026-08-14 005744.mp4,,30.0,134,4.47,1920,1080,32,1,1.0,1,0.59,0.0,False,0.406,0.9646,0,0.0,0.2883,0.5411,0.0009,0.0076,0.3095,116.3,51.7,1.0,"0,0,1920,1080",0.2829,,0,,1,1.0,0.0,0.296,,0.97,"22,2,1887,1080",116.6,51.8,,,,,False,0.296,KEEP_NEEDS_PREPROCESSING,subject only 0.30 of frame height (no-pose 41%) -- crop+upscale
c:\Users\karim\Desktop\Swichy\assets\videos\training\Screen Recording 2026-08-14 005827.mp4,training,Screen Recording 2026-08-14 005827.mp4,,30.0,106,3.53,1920,1080,32,1,1.0,1,0.72,0.0,False,0.25,0.9579,1,0.031,0.1483,0.5823,0.001,0.0054,0.3007,116.5,51.9,1.0,"0,0,1920,1080",0.2179,,0,,1,1.0,0.0,0.255,,0.98,"14,0,1906,1074",116.5,52.1,,,,,False,0.255,KEEP_NEEDS_PREPROCESSING,subject only 0.26 of frame height (no-pose 25%) -- crop+upscale
c:\Users\karim\Desktop\Swichy\assets\videos\training\Screen Recording 2026-08-14 005915.mp4,training,Screen Recording 2026-08-14 005915.mp4,,30.0,228,7.6,1920,1080,32,1,1.0,1,0.78,0.0,False,0.219,0.9236,0,0.0,0.1927,0.6484,0.0003,0.0053,0.2147,118.3,54.4,1.0,"0,0,1920,1080",0.2111,,0,,1,1.0,0.0,0.238,,0.977,"17,14,1918,1080",118.5,54.3,,,,,False,0.238,KEEP_NEEDS_PREPROCESSING,subject only 0.24 of frame height (no-pose 22%) -- crop+upscale
c:\Users\karim\Desktop\Swichy\assets\videos\training\Screen Recording 2026-08-14 005934.mp4,training,Screen Recording 2026-08-14 005934.mp4,,30.0,187,6.23,1920,1080,32,1,1.0,1,0.81,0.0,False,0.188,0.9377,0,0.0,0.1323,0.5485,0.0016,0.0081,0.2974,116.8,52.0,1.0,"0,0,1920,1080",0.269,,0,,1,1.0,0.0,0.302,,0.941,"23,31,1884,1080",117.6,51.7,,,,,False,0.302,KEEP_NEEDS_PREPROCESSING,pose missing in 19% of sampled frames
c:\Users\karim\Desktop\Swichy\assets\videos\training\Screen Recording 2026-08-14 005953.mp4,training,Screen Recording 2026-08-14 005953.mp4,,30.0,189,6.3,1920,1080,32,1,1.0,1,0.81,0.0,False,0.188,0.9856,0,0.0,0.0453,0.6618,0.0009,0.0061,0.1873,105.1,51.1,1.0,"0,0,1920,1080",0.4596,,0,,1,1.0,0.0,0.42,,1.0,"0,0,1920,1080",105.1,51.1,,,,,False,0.42,KEEP_NEEDS_PREPROCESSING,pose missing in 19% of sampled frames
c:\Users\karim\Desktop\Swichy\assets\videos\training\Screen Recording 2026-08-14 010914.mp4,training,Screen Recording 2026-08-14 010914.mp4,,30.0,161,5.37,1920,1080,32,1,1.0,1,0.81,0.0,False,0.188,0.9257,0,0.0,0.193,0.6592,0.0004,0.0048,0.2809,116.9,52.1,1.0,"0,0,1920,1080",0.2313,,0,,1,1.0,0.0,0.258,,0.956,"17,29,1904,1080",117.4,51.7,,,,,False,0.258,KEEP_NEEDS_PREPROCESSING,subject only 0.26 of frame height (no-pose 19%) -- crop+upscale
c:\Users\karim\Desktop\Swichy\assets\videos\training\Screen Recording 2026-08-14 010937.mp4,training,Screen Recording 2026-08-14 010937.mp4,,30.0,155,5.17,1920,1080,32,1,1.0,1,0.88,0.0,False,0.125,0.9682,0,0.0,0.4465,0.9854,0.0015,0.0148,0.2146,116.8,52.2,1.0,"0,0,1920,1080",0.3038,,0,,1,1.0,0.0,0.329,,0.952,"20,30,1901,1080",117.4,51.9,,,,,False,0.329,KEEP_CLEAN,
c:\Users\karim\Desktop\Swichy\assets\videos\training\Screen Recording 2026-08-14 010958.mp4,training,Screen Recording 2026-08-14 010958.mp4,,30.0,239,7.97,1920,1080,32,1,1.0,1,0.84,0.0,False,0.156,0.9754,0,0.0,0.2277,0.5336,0.0002,0.0063,0.1983,117.2,52.3,1.0,"0,0,1920,1080",0.2971,,0,,1,1.0,0.0,0.315,,0.952,"20,30,1901,1080",117.8,52.0,,,,,False,0.315,KEEP_NEEDS_PREPROCESSING,pose missing in 16% of sampled frames
c:\Users\karim\Desktop\Swichy\assets\videos\training\Screen Recording 2026-08-14 011022.mp4,training,Screen Recording 2026-08-14 011022.mp4,,30.0,184,6.13,1920,1080,32,1,1.0,1,0.66,0.0,False,0.344,0.9559,0,0.0,0.1847,1.2642,0.0003,0.0047,0.1721,117.4,51.8,1.0,"0,0,1920,1080",0.2805,,0,,1,1.0,0.0,0.245,,0.961,"18,0,1883,1069",117.6,52.0,,,,,False,0.245,KEEP_NEEDS_PREPROCESSING,subject only 0.24 of frame height (no-pose 34%) -- crop+upscale
c:\Users\karim\Desktop\Swichy\assets\videos\training\Screen Recording 2026-08-14 011040.mp4,training,Screen Recording 2026-08-14 011040.mp4,,30.0,194,6.47,1920,1080,32,1,0.0,1,0.31,0.0,False,0.688,0.9044,0,0.0,0.3479,0.7793,0.0005,0.0068,0.2332,117.2,51.6,1.0,"0,0,1920,1080",0.2445,,0,,1,1.0,0.0,0.172,,0.933,"22,31,1885,1070",117.9,51.4,,,,,False,0.172,KEEP_NEEDS_PREPROCESSING,subject only 0.17 of frame height (no-pose 69%) -- crop+upscale
c:\Users\karim\Desktop\Swichy\assets\videos\training\Screen Recording 2026-08-14 011059.mp4,training,Screen Recording 2026-08-14 011059.mp4,,30.0,210,7.0,1920,1080,32,1,0.0,1,0.41,0.0,False,0.594,0.9173,0,0.0,0.3141,0.8023,0.0005,0.0045,0.3061,116.9,52.1,1.0,"0,0,1920,1080",0.2354,,0,,1,1.0,0.0,0.163,,0.96,"22,0,1884,1069",117.1,52.3,,,,,False,0.163,KEEP_NEEDS_PREPROCESSING,subject only 0.16 of frame height (no-pose 59%) -- crop+upscale
c:\Users\karim\Desktop\Swichy\assets\videos\training\Screen Recording 2026-08-14 011122.mp4,training,Screen Recording 2026-08-14 011122.mp4,,30.0,212,7.07,1920,1080,32,1,0.0,1,0.31,0.0,False,0.656,0.8942,1,0.031,0.1423,0.6191,0.0003,0.0037,0.1744,117.3,51.6,1.0,"0,0,1920,1080",0.2332,,0,,1,1.0,0.0,0.162,,0.959,"25,0,1882,1071",117.5,51.8,,,,,False,0.162,KEEP_NEEDS_PREPROCESSING,subject only 0.16 of frame height (no-pose 66%) -- crop+upscale
c:\Users\karim\Desktop\Swichy\assets\videos\training\Screen Recording 2026-08-14 011917.mp4,training,Screen Recording 2026-08-14 011917.mp4,,30.0,218,7.27,1920,1080,32,1,1.0,1,0.62,0.0,False,0.375,0.928,0,0.0,0.2722,0.6083,0.0008,0.0063,0.4464,117.3,51.9,1.0,"0,0,1920,1080",0.2497,,0,,1,1.0,0.0,0.272,,0.983,"15,0,1903,1080",117.5,52.0,,,,,False,0.272,KEEP_NEEDS_PREPROCESSING,subject only 0.27 of frame height (no-pose 38%) -- crop+upscale
c:\Users\karim\Desktop\Swichy\assets\videos\training\Screen Recording 2026-08-14 011935.mp4,training,Screen Recording 2026-08-14 011935.mp4,,30.0,167,5.57,1920,1080,32,1,1.0,1,0.84,0.0,False,0.156,0.9379,0,0.0,0.2541,0.7152,0.0007,0.0075,0.2309,117.8,52.0,1.0,"0,0,1920,1080",0.2519,,0,,1,1.0,0.0,0.281,,0.958,"15,29,1905,1080",118.4,51.7,,,,,False,0.281,KEEP_NEEDS_PREPROCESSING,subject only 0.28 of frame height (no-pose 16%) -- crop+upscale
c:\Users\karim\Desktop\Swichy\assets\videos\training\Screen Recording 2026-08-14 011954.mp4,training,Screen Recording 2026-08-14 011954.mp4,,30.0,176,5.87,1920,1080,32,1,1.0,1,0.91,0.0,False,0.094,0.8962,0,0.0,0.1655,0.7923,0.0008,0.0078,0.2513,117.3,51.8,1.0,"0,0,1920,1080",0.2437,,0,,1,1.0,0.0,0.272,,0.969,"23,0,1883,1080",117.7,52.0,,,,,False,0.272,KEEP_NEEDS_PREPROCESSING,subject only 0.27 of frame height (no-pose 9%) -- crop+upscale
c:\Users\karim\Desktop\Swichy\assets\videos\training\Screen Recording 2026-08-14 012014.mp4,training,Screen Recording 2026-08-14 012014.mp4,,30.0,171,5.7,1920,1080,32,1,1.0,1,0.91,0.0,False,0.094,0.9137,0,0.0,0.1159,0.6996,0.0002,0.0069,0.1571,117.2,51.9,1.0,"0,0,1920,1080",0.3032,,0,,1,1.0,0.0,0.323,,0.968,"23,0,1882,1080",117.6,52.0,,,,,False,0.323,KEEP_CLEAN,
c:\Users\karim\Desktop\Swichy\assets\videos\training\Screen Recording 2026-08-14 012033.mp4,training,Screen Recording 2026-08-14 012033.mp4,,30.0,191,6.37,1920,1080,32,1,0.0,1,0.44,0.0,False,0.562,0.8981,0,0.0,0.0466,0.6252,0.0004,0.0053,0.1683,117.2,51.8,1.0,"0,0,1920,1080",0.2731,,0,,1,1.0,0.0,0.313,,0.955,"15,30,1901,1080",117.8,51.4,,,,,False,0.313,KEEP_NEEDS_PREPROCESSING,pose missing in 56% of sampled frames
c:\Users\karim\Desktop\Swichy\assets\videos\training\Screen Recording 2026-08-14 012053.mp4,training,Screen Recording 2026-08-14 012053.mp4,,30.0,177,5.9,1920,1080,32,1,0.5,1,0.5,0.0,False,0.5,0.9803,0,0.0,0.316,0.79,0.0002,0.0062,0.1864,117.0,51.6,1.0,"0,0,1920,1080",0.2172,,0,,1,1.0,0.0,0.255,,0.963,"0,30,1902,1080",117.6,51.2,,,,,False,0.255,KEEP_NEEDS_PREPROCESSING,subject only 0.26 of frame height (no-pose 50%) -- crop+upscale
c:\Users\karim\Desktop\Swichy\assets\videos\training\Screen Recording 2026-08-14 012526.mp4,training,Screen Recording 2026-08-14 012526.mp4,,30.0,170,5.67,1920,1080,32,2,1.0,2,0.97,0.062,False,0.094,0.9318,0,0.0,0.1733,1.798,0.0003,0.001,0.1609,116.6,51.7,1.0,"0,0,1920,1080",0.2218,0.0326,2,1.0,1,1.0,0.0,0.246,,0.978,"15,0,1905,1073",116.6,51.8,,,,,False,0.246,KEEP_NEEDS_PREPROCESSING,subject only 0.25 of frame height (no-pose 9%) -- crop+upscale
c:\Users\karim\Desktop\Swichy\assets\videos\training\Screen Recording 2026-08-14 012651.mp4,training,Screen Recording 2026-08-14 012651.mp4,,30.0,159,5.3,1920,1080,32,2,0.0,2,0.44,0.094,False,0.656,0.8839,0,0.0,0.3205,2.0971,0.0002,0.0013,0.1818,117.1,51.5,1.0,"0,0,1920,1080",0.2484,0.2135,3,1.0,1,1.0,0.0,0.158,,0.964,"21,0,1890,1069",117.2,51.7,,,,,False,0.158,KEEP_NEEDS_PREPROCESSING,subject only 0.16 of frame height (no-pose 66%) -- crop+upscale
c:\Users\karim\Desktop\Swichy\assets\videos\training\Screen Recording 2026-08-14 013549.mp4,training,Screen Recording 2026-08-14 013549.mp4,,30.0,202,6.73,1920,1080,32,1,0.0,1,0.16,0.0,False,0.844,0.9641,0,0.0,0.097,0.2599,0.0003,0.003,0.1613,115.7,53.8,1.0,"0,0,1920,1080",0.2176,,0,,1,1.0,0.0,0.253,,0.974,"0,8,1899,1072",116.2,53.7,,,,,False,0.253,KEEP_NEEDS_PREPROCESSING,subject only 0.25 of frame height (no-pose 84%) -- crop+upscale
c:\Users\karim\Desktop\Swichy\assets\videos\training\Screen Recording 2026-08-14 013608.mp4,training,Screen Recording 2026-08-14 013608.mp4,,30.0,253,8.43,1920,1080,32,1,0.0,1,0.22,0.0,False,0.781,0.9647,0,0.0,0.0836,0.4537,0.0002,0.001,0.1522,115.7,53.9,1.0,"0,0,1920,1080",0.193,,0,,1,1.0,0.0,0.253,,0.961,"19,15,1902,1073",116.5,53.6,,,,,False,0.253,KEEP_NEEDS_PREPROCESSING,subject only 0.25 of frame height (no-pose 78%) -- crop+upscale
c:\Users\karim\Desktop\Swichy\assets\videos\training\Screen Recording 2026-08-14 013626.mp4,training,Screen Recording 2026-08-14 013626.mp4,,30.0,217,7.23,1920,1080,32,1,1.0,1,0.78,0.0,False,0.219,0.9624,0,0.0,0.2062,0.5096,0.0003,0.002,0.25,115.8,53.8,1.0,"0,0,1920,1080",0.2016,,0,,1,1.0,0.0,0.227,,0.953,"24,28,1920,1070",116.7,53.6,,,,,False,0.227,KEEP_NEEDS_PREPROCESSING,subject only 0.23 of frame height (no-pose 22%) -- crop+upscale
c:\Users\karim\Desktop\Swichy\assets\videos\training\Screen Recording 2026-08-14 013643.mp4,training,Screen Recording 2026-08-14 013643.mp4,,30.0,202,6.73,1920,1080,32,1,1.0,1,0.78,0.0,False,0.219,0.9742,0,0.0,0.0508,0.2245,0.0003,0.0014,0.1522,115.7,53.8,1.0,"0,0,1920,1080",0.2092,,0,,1,1.0,0.0,0.24,,0.946,"19,30,1901,1072",116.9,53.4,,,,,False,0.24,KEEP_NEEDS_PREPROCESSING,subject only 0.24 of frame height (no-pose 22%) -- crop+upscale
c:\Users\karim\Desktop\Swichy\assets\videos\training\Screen Recording 2026-08-14 013702.mp4,training,Screen Recording 2026-08-14 013702.mp4,,30.0,243,8.1,1920,1080,32,1,1.0,1,0.56,0.0,False,0.438,0.9654,0,0.0,0.1398,0.7722,0.0002,0.0018,0.107,115.6,53.8,1.0,"0,0,1920,1080",0.2026,,0,,1,1.0,0.0,0.235,,0.949,"16,29,1901,1073",116.6,53.5,,,,,False,0.235,KEEP_NEEDS_PREPROCESSING,subject only 0.23 of frame height (no-pose 44%) -- crop+upscale
c:\Users\karim\Desktop\Swichy\assets\videos\training\Screen Recording 2026-08-14 013717.mp4,training,Screen Recording 2026-08-14 013717.mp4,,30.0,155,5.17,1920,1080,32,1,1.0,1,0.78,0.0,False,0.219,0.9576,0,0.0,0.0598,0.5377,0.0005,0.0036,0.2196,115.5,53.7,1.0,"0,0,1920,1080",0.2084,,0,,1,1.0,0.0,0.236,,0.962,"22,0,1884,1071",115.8,53.7,,,,,False,0.236,KEEP_NEEDS_PREPROCESSING,subject only 0.24 of frame height (no-pose 22%) -- crop+upscale
c:\Users\karim\Desktop\Swichy\assets\videos\training\Screen Recording 2026-08-14 013734.mp4,training,Screen Recording 2026-08-14 013734.mp4,,30.0,219,7.3,1920,1080,32,1,1.0,1,0.78,0.0,False,0.219,0.9658,0,0.0,0.0258,0.2699,0.0002,0.0014,0.148,115.6,53.7,1.0,"0,0,1920,1080",0.2096,,0,,1,1.0,0.0,0.236,,0.958,"0,31,1908,1072",116.6,53.4,,,,,False,0.236,KEEP_NEEDS_PREPROCESSING,subject only 0.24 of frame height (no-pose 22%) -- crop+upscale
c:\Users\karim\Desktop\Swichy\assets\videos\training\Screen Recording 2026-08-14 013749.mp4,training,Screen Recording 2026-08-14 013749.mp4,,30.0,157,5.23,1920,1080,32,1,1.0,1,0.69,0.0,False,0.312,0.9751,0,0.0,0.0442,0.3418,0.0002,0.0015,0.14,115.5,53.7,1.0,"0,0,1920,1080",0.207,,0,,1,1.0,0.0,0.229,,0.938,"25,33,1905,1068",116.7,53.4,,,,,False,0.229,KEEP_NEEDS_PREPROCESSING,subject only 0.23 of frame height (no-pose 31%) -- crop+upscale
c:\Users\karim\Desktop\Swichy\assets\videos\training\Screen Recording 2026-08-14 013804.mp4,training,Screen Recording 2026-08-14 013804.mp4,,30.0,181,6.03,1920,1080,32,1,1.0,1,0.69,0.0,False,0.312,0.9684,0,0.0,0.087,0.4029,0.0002,0.002,0.1599,115.6,53.8,1.0,"0,0,1920,1080",0.2087,,0,,1,1.0,0.0,0.228,,0.969,"0,28,1920,1074",116.6,53.5,,,,,False,0.228,KEEP_NEEDS_PREPROCESSING,subject only 0.23 of frame height (no-pose 31%) -- crop+upscale
c:\Users\karim\Desktop\Swichy\assets\videos\training\Screen Recording 2026-08-14 013820.mp4,training,Screen Recording 2026-08-14 013820.mp4,,30.0,186,6.2,1920,1080,32,0,0.0,0,0.0,0.0,False,1.0,,0,0.0,,,0.0007,0.0026,0.2631,115.4,53.7,1.0,"0,0,1920,1080",,,0,,1,1.0,0.0,0.258,,0.974,"20,2,1907,1072",115.6,53.8,,,,,False,0.258,KEEP_NEEDS_PREPROCESSING,subject only 0.26 of frame height (no-pose 100%) -- crop+upscale
c:\Users\karim\Desktop\Swichy\assets\videos\training\Screen Recording 2026-08-14 013910.mp4,training,Screen Recording 2026-08-14 013910.mp4,,30.0,120,4.0,1920,1080,32,1,0.0,1,0.25,0.0,False,0.75,0.8888,0,0.0,0.6076,0.8194,0.0075,0.0306,1.6116,211.2,78.5,1.0,"0,0,1920,1080",0.2166,,0,,2,1.0,0.083,0.274,0.074,0.299,"603,17,1196,1063",115.5,79.7,0.0,0.0,0.313,0.27,False,0.274,KEEP_NEEDS_PREPROCESSING,subject only 0.27 of frame height (no-pose 75%) -- crop+upscale; screen recording on a bright page (frame lum 211 vs panel 116); video panel is 30% of the frame
c:\Users\karim\Desktop\Swichy\assets\videos\training\Screen Recording 2026-08-14 013929.mp4,training,Screen Recording 2026-08-14 013929.mp4,,30.0,222,7.4,1920,1080,32,2,1.0,2,0.62,0.062,False,0.438,0.9525,0,0.0,0.3489,1.1502,0.0112,0.0707,2.6166,210.5,78.2,1.0,"0,0,1920,1080",0.3144,0.3043,2,1.0,1,1.0,0.0,0.309,,0.299,"604,15,1196,1064",113.0,75.5,,,,,False,0.309,KEEP_NEEDS_PREPROCESSING,pose missing in 44% of sampled frames; screen recording on a bright page (frame lum 210 vs panel 113); video panel is 30% of the frame
c:\Users\karim\Desktop\Swichy\assets\videos\training\Screen Recording 2026-08-14 014019.mp4,training,Screen Recording 2026-08-14 014019.mp4,,30.0,189,6.3,1920,1080,32,1,1.0,1,1.0,0.0,False,0.0,0.9772,0,0.0,0.1842,0.6328,0.0003,0.0402,0.1741,109.7,74.1,1.0,"0,0,1920,1080",0.5304,,0,,3,2.5,1.0,0.569,0.253,1.0,"0,0,1920,1080",109.7,74.1,0.542,0.0,0.172,0.445,True,0.569,KEEP_NEEDS_PREPROCESSING,"another person enters the shooter crop in 54% of frames -- needs shooter tracking, not a static crop"
c:\Users\karim\Desktop\Swichy\assets\videos\training\Screen Recording 2026-08-14 014036.mp4,training,Screen Recording 2026-08-14 014036.mp4,,30.0,166,5.53,1920,1080,32,1,1.0,1,0.56,0.0,False,0.438,0.9728,0,0.0,0.138,0.5672,0.0003,0.0372,0.1671,106.8,72.5,1.0,"0,0,1920,1080",0.4095,,0,,5,3.0,1.0,0.409,0.294,1.0,"0,0,1920,1080",106.8,72.4,0.292,0.0,0.029,0.719,True,0.409,KEEP_NEEDS_PREPROCESSING,"pose missing in 44% of sampled frames; another person enters the shooter crop in 29% of frames -- needs shooter tracking, not a static crop"
c:\Users\karim\Desktop\Swichy\assets\videos\training\Screen Recording 2026-08-14 020257.mp4,training,Screen Recording 2026-08-14 020257.mp4,,30.0,136,4.53,1920,1080,32,2,1.0,2,0.75,0.031,False,0.281,0.9154,0,0.0,0.143,1.0269,0.0006,0.0037,0.2501,116.0,50.2,1.0,"0,0,1920,1080",0.2259,0.2032,1,1.0,1,1.0,0.0,0.239,,0.944,"20,17,1883,1068",116.4,50.1,,,,,False,0.239,KEEP_NEEDS_PREPROCESSING,subject only 0.24 of frame height (no-pose 28%) -- crop+upscale
c:\Users\karim\Desktop\Swichy\assets\videos\training\Screen Recording 2026-08-14 020313.mp4,training,Screen Recording 2026-08-14 020313.mp4,,30.0,187,6.23,1920,1080,32,1,1.0,1,0.62,0.0,False,0.375,0.9101,0,0.0,0.0583,0.5499,0.0009,0.0045,0.2203,115.9,50.5,1.0,"0,0,1920,1080",0.215,,0,,1,1.0,0.0,0.22,,0.994,"0,0,1920,1073",115.8,50.5,,,,,False,0.22,KEEP_NEEDS_PREPROCESSING,subject only 0.22 of frame height (no-pose 38%) -- crop+upscale
c:\Users\karim\Desktop\Swichy\assets\videos\training\Screen Recording 2026-08-14 020332.mp4,training,Screen Recording 2026-08-14 020332.mp4,,30.0,222,7.4,1920,1080,32,1,1.0,1,0.53,0.0,False,0.469,0.8372,0,0.0,0.4111,0.7775,0.0011,0.0064,0.3843,115.9,49.9,1.0,"0,0,1920,1080",0.2531,,0,,1,1.0,0.0,0.206,,0.951,"19,31,1898,1080",116.5,49.6,,,,,False,0.206,KEEP_NEEDS_PREPROCESSING,subject only 0.21 of frame height (no-pose 47%) -- crop+upscale
c:\Users\karim\Desktop\Swichy\assets\videos\training\Screen Recording 2026-08-14 020348.mp4,training,Screen Recording 2026-08-14 020348.mp4,,30.0,150,5.0,1920,1080,32,1,1.0,1,0.62,0.0,False,0.375,0.8391,0,0.0,0.3633,0.9771,0.0026,0.008,0.4246,116.2,50.0,1.0,"0,0,1920,1080",0.2059,,0,,1,1.0,0.0,0.25,,0.939,"24,32,1882,1080",117.1,49.6,,,,,False,0.25,KEEP_NEEDS_PREPROCESSING,subject only 0.25 of frame height (no-pose 38%) -- crop+upscale
c:\Users\karim\Desktop\Swichy\assets\videos\training\Screen Recording 2026-08-14 021059.mp4,training,Screen Recording 2026-08-14 021059.mp4,,30.0,173,5.77,1920,1080,32,1,1.0,1,0.59,0.0,False,0.406,0.8899,0,0.0,0.3088,1.0306,0.0035,0.0089,0.4034,115.6,50.2,1.0,"0,0,1920,1080",0.2854,,0,,1,1.0,0.0,0.204,,0.984,"15,0,1905,1080",115.7,50.3,,,,,False,0.204,KEEP_NEEDS_PREPROCESSING,subject only 0.20 of frame height (no-pose 41%) -- crop+upscale
c:\Users\karim\Desktop\Swichy\assets\videos\training\Screen Recording 2026-08-14 023859.mp4,training,Screen Recording 2026-08-14 023859.mp4,,30.0,126,4.2,1920,1080,32,1,1.0,1,1.0,0.0,False,0.0,0.9679,0,0.0,0.3379,0.6796,0.002,0.0293,0.6708,107.6,75.7,1.0,"0,0,1920,1080",0.5629,,0,,3,3.0,1.0,0.622,0.323,1.0,"0,0,1920,1080",107.6,75.7,0.208,0.0,0.366,0.519,True,0.622,KEEP_CLEAN,
c:\Users\karim\Desktop\Swichy\assets\videos\training\Screen Recording 2026-08-14 023934.mp4,training,Screen Recording 2026-08-14 023934.mp4,,30.0,107,3.57,1920,1080,32,1,1.0,1,0.56,0.0,False,0.438,0.9725,0,0.0,0.3335,1.0497,0.0022,0.0115,0.146,217.0,63.4,1.0,"0,0,1920,1080",0.3032,,0,,1,1.0,0.0,0.253,,0.121,"764,28,1026,986",133.9,49.7,,,,,False,0.253,KEEP_NEEDS_PREPROCESSING,subject only 0.25 of frame height (no-pose 44%) -- crop+upscale; screen recording on a bright page (frame lum 217 vs panel 134); video panel is 12% of the frame
c:\Users\karim\Desktop\Swichy\assets\videos\training\Screen Recording 2026-08-14 023959.mp4,training,Screen Recording 2026-08-14 023959.mp4,,30.0,174,5.8,1920,1080,32,2,1.0,2,0.97,0.031,False,0.062,0.986,0,0.0,0.0882,0.6711,0.0019,0.0097,0.1049,216.6,64.3,1.0,"0,0,1920,1080",0.3355,0.7658,1,1.0,1,1.0,0.0,0.394,,0.197,"623,36,1022,1061",129.3,50.3,,,,,False,0.394,KEEP_NEEDS_PREPROCESSING,screen recording on a bright page (frame lum 217 vs panel 129); video panel is 20% of the frame
c:\Users\karim\Desktop\Swichy\assets\videos\training\Screen Recording 2026-08-14 024100.mp4,training,Screen Recording 2026-08-14 024100.mp4,,30.0,208,6.93,1920,1080,32,1,0.0,1,0.22,0.0,False,0.781,0.928,0,0.0,0.0257,0.6468,0.0022,0.0119,0.4363,211.6,77.9,1.0,"0,0,1920,1080",0.2972,,0,,2,1.0,0.25,0.246,0.126,0.298,"603,27,1198,1064",115.9,77.5,0.0,0.0,0.128,0.512,False,0.246,KEEP_NEEDS_PREPROCESSING,subject only 0.25 of frame height (no-pose 78%) -- crop+upscale; screen recording on a bright page (frame lum 212 vs panel 116); video panel is 30% of the frame
c:\Users\karim\Desktop\Swichy\assets\videos\training\Screen Recording 2026-08-14 024248.mp4,training,Screen Recording 2026-08-14 024248.mp4,,30.0,222,7.4,1920,1080,32,1,1.0,1,0.84,0.0,False,0.156,0.986,0,0.0,0.24,1.6084,0.0005,0.0121,0.0232,204.9,83.0,1.0,"0,0,1920,1080",0.3549,,0,,2,1.0,0.042,0.38,0.095,0.296,"608,18,1197,1060",91.6,62.4,0.042,0.0,0.099,0.25,False,0.38,KEEP_NEEDS_PREPROCESSING,pose missing in 16% of sampled frames; screen recording on a bright page (frame lum 205 vs panel 92); video panel is 30% of the frame
c:\Users\karim\Desktop\Swichy\assets\videos\training\Screen Recording 2026-08-14 024308.mp4,training,Screen Recording 2026-08-14 024308.mp4,,30.0,137,4.57,1920,1080,32,1,1.0,1,0.56,0.0,False,0.438,0.9828,0,0.0,0.4158,0.9075,0.0029,0.0096,0.177,205.3,82.6,1.0,"0,0,1920,1080",0.2477,,0,,1,1.0,0.0,0.256,,0.202,"608,20,1098,875",80.0,60.0,,,,,False,0.256,KEEP_NEEDS_PREPROCESSING,subject only 0.26 of frame height (no-pose 44%) -- crop+upscale; screen recording on a bright page (frame lum 205 vs panel 80); video panel is 20% of the frame
C:\Users\karim\Desktop\Swichy\assets\videos\curry_nba_free_throw_set_Shot\1.mp4,,1.mp4,,29.97,,2.836,854,480,24,,,,,,True,0.0,,,,,,0.00081,,,,,,,0.32,,,,,,,,,,"0,0,854,480",,,1.0,,,0.981,True,0.32,,
C:\Users\karim\Desktop\Swichy\assets\videos\curry_nba_free_throw_set_Shot\2-new.mp4,,2-new.mp4,,29.97,,4.605,854,480,24,,,,,,True,0.0,,,,,,2e-05,,,,,,,0.314,,,,,,,,,,"0,0,854,480",,,1.0,,,0.929,True,0.314,,
C:\Users\karim\Desktop\Swichy\assets\videos\curry_nba_free_throw_set_Shot\3_new.mp4,,3_new.mp4,,29.97,,2.636,854,480,24,,,,,,True,0.167,,,,,,0.00087,,,,,,,0.376,,,,,,,,,,"0,0,854,480",,,0.833,,,0.948,True,0.376,,
C:\Users\karim\Desktop\Swichy\assets\videos\curry_nba_free_throw_set_Shot\4.mp4,,4.mp4,,29.97,,3.57,854,480,24,,,,,,True,0.0,,,,,,0.00034,,,,,,,0.336,,,,,,,,,,"0,0,854,480",,,1.0,,,0.983,True,0.336,,
C:\Users\karim\Desktop\Swichy\assets\videos\curry_nba_free_throw_set_Shot\5.mp4,,5.mp4,,29.97,,3.47,854,480,24,,,,,,True,0.0,,,,,,0.00015,,,,,,,0.411,,,,,,,,,,"0,0,854,480",,,1.0,,,0.954,True,0.411,,
C:\Users\karim\Desktop\Swichy\assets\videos\curry_nba_free_throw_set_Shot\6.mp4,,6.mp4,,29.97,,4.872,854,480,24,,,,,,True,0.0,,,,,,0.00027,,,,,,,0.393,,,,,,,,,,"0,0,854,480",,,1.0,,,0.983,True,0.393,,
C:\Users\karim\Desktop\Swichy\assets\videos\curry_nba_free_throw_set_Shot\7.mp4,,7.mp4,,29.97,,5.639,854,480,24,,,,,,True,0.0,,,,,,0.00037,,,,,,,0.395,,,,,,,,,,"0,0,854,480",,,1.0,,,0.982,True,0.395,,
C:\Users\karim\Desktop\Swichy\assets\videos\curry_nba_free_throw_set_Shot\8.mp4,,8.mp4,,29.97,,3.37,854,480,24,,,,,,True,0.0,,,,,,0.0002,,,,,,,0.512,,,,,,,,,,"0,0,854,480",,,0.917,,,0.885,True,0.512,,
C:\Users\karim\Desktop\Swichy\assets\videos\curry_nba_free_throw_set_Shot\9.mp4,,9.mp4,,29.97,,3.77,854,480,24,,,,,,True,0.0,,,,,,0.0001,,,,,,,0.378,,,,,,,,,,"0,0,854,480",,,0.958,,,0.92,True,0.378,,
C:\Users\karim\Desktop\Swichy\assets\videos\collected\ywxvxdwEGAs_jump_shot.mp4,,ywxvxdwEGAs_jump_shot.mp4,,29.97,,59.192,1280,720,24,,,,,,True,0.0,,,,,,0.02097,,,,,,,0.453,,,,,,,,,,"0,0,1280,720",,,1.0,,,0.84,True,0.453,,
C:\Users\karim\Desktop\Swichy\assets\videos\collected\-1.mp4,,-1.mp4,,29.97,,2.369,854,480,24,,,,,,False,0.0,,,,,,0.0,,,,,,,0.258,,,,,,,,,,"0,0,854,480",,,0.0,,,,False,0.258,,
C:\Users\karim\Desktop\Swichy\assets\videos\collected\c.mp4,,c.mp4,,29.97,,3.704,854,480,24,,,,,,False,0.0,,,,,,1e-05,,,,,,,0.256,,,,,,,,,,"0,0,854,480",,,0.0,,,,False,0.256,,
C:\Users\karim\Desktop\Swichy\assets\videos\new\10.mp4,,10.mp4,,29.97,,3.27,1280,720,24,,,,,,True,0.0,,,,,,0.00157,,,,,,,0.588,,,,,,,,,,"0,0,1280,720",,,0.958,,,0.242,True,0.588,,
C:\Users\karim\Desktop\Swichy\assets\videos\new\20.mp4,,20.mp4,,29.97,,4.271,1280,720,24,,,,,,True,0.0,,,,,,0.00834,,,,,,,0.407,,,,,,,,,,"0,0,1280,720",,,1.0,,,0.769,True,0.407,,
C:\Users\karim\Desktop\Swichy\assets\videos\new\30.mp4,,30.mp4,,29.97,,3.937,1280,720,24,,,,,,True,0.0,,,,,,0.00127,,,,,,,0.631,,,,,,,,,,"0,0,1280,720",,,0.917,,,0.514,True,0.631,,
C:\Users\karim\Desktop\Swichy\assets\videos\new\40.mp4,,40.mp4,,29.97,,3.77,1280,720,24,,,,,,True,0.0,,,,,,0.00749,,,,,,,0.532,,,,,,,,,,"0,0,1280,720",,,0.125,,,0.522,True,0.532,,
C:\Users\karim\Desktop\Swichy\assets\videos\new\60.mp4,,60.mp4,,29.97,,4.571,1280,720,24,,,,,,True,0.0,,,,,,0.00288,,,,,,,0.391,,,,,,,,,,"0,0,1280,720",,,0.167,,,0.646,True,0.391,,
C:\Users\karim\Desktop\Swichy\assets\videos\new\a.mp4,,a.mp4,,29.97,,4.371,1280,720,24,,,,,,False,0.0,,,,,,0.0,,,,,,,0.253,,,,,,,,,,"0,0,1280,720",,,0.0,,,,False,0.253,,
C:\Users\karim\Desktop\Swichy\assets\videos\new\j.mp4,,j.mp4,,30.0,,1.967,720,1280,24,,,,,,True,0.0,,,,,,1e-05,,,,,,,0.459,,,,,,,,,,"0,0,720,1280",,,0.083,,,0.191,True,0.459,,
C:\Users\karim\Desktop\Swichy\assets\videos\new\o.mp4,,o.mp4,,30.0,,1.833,720,1280,24,,,,,,True,0.083,,,,,,1e-05,,,,,,,0.415,,,,,,,,,,"0,0,720,1280",,,0.833,,,0.298,True,0.415,,
C:\Users\karim\Desktop\Swichy\assets\videos\new\p.mp4,,p.mp4,,29.97,,3.203,854,480,24,,,,,,True,0.042,,,,,,0.0,,,,,,,0.302,,,,,,,,,,"0,0,854,480",,,0.0,,,0.461,True,0.302,,
